Latitude,Longitude,Depth,band_1_561,band_2_676,band_3_805
15.449432,73.763525,XX,0.0422145,0.0291677,0.0294698
15.443851,73.759644,XX,0.0422145,0.0291677,0.0327147
15.449825,73.761146,XX,0.0422145,0.0291677,0.0294698
15.443219,73.767755,XX,0.0406805,0.0291677,0.0294698
15.45318,73.7793,XX,0.0437485,0.0291677,0.0294698
15.452112,73.782381,XX,0.0452826,0.0291677,0.0327147
15.453206,73.783913,XX,0.0452826,0.0291677,0.0294698
15.452102,73.780564,XX,0.0437485,0.0310844,0.0294698
15.4518,73.774974,XX,0.0437485,0.0272509,0.0262248
15.45312,73.768396,XX,0.0406805,0.0253341,0.0294698
15.45086,73.776517,XX,0.0422145,0.0272509,0.0294698
15.451161,73.757503,XX,0.0422145,0.0272509,0.0294698
15.447238,73.759064,XX,0.0422145,0.0291677,0.0294698
15.451733,73.762812,XX,0.0437485,0.0291677,0.0294698
15.447796,73.761997,XX,0.0406805,0.0291677,0.0294698
15.447811,73.764653,XX,0.0422145,0.0272509,0.0262248
15.444954,73.762852,XX,0.0406805,0.0272509,0.0294698
15.442651,73.763146,XX,0.0422145,0.0291677,0.0262248
15.442663,73.765382,XX,0.0422145,0.0291677,0.0294698
15.431005,73.790472,XX,0.0422145,0.0272509,0.0294698
15.421553,73.772915,XX,0.0406805,0.0253341,0.0294698
15.419802,73.775022,XX,0.0406805,0.0291677,0.0294698
15.428084,73.77693,XX,0.0406805,0.0272509,0.0262248
15.448002,73.79932,XX,0.0406805,0.0310844,0.0359597
15.448013,73.801417,XX,0.0422145,0.0330012,0.0327147
15.448817,73.799595,XX,0.0422145,0.0310844,0.0327147
15.433855,73.791015,XX,0.0422145,0.0291677,0.0327147
15.450588,73.801123,XX,0.0376124,0.0330012,0.0359597
15.452067,73.798878,XX,0.0360784,0.0272509,0.0359597
15.451803,73.800277,XX,0.0360784,0.0291677,0.0359597
15.450187,73.802243,XX,0.0345444,0.0291677,0.0327147
15.410619,73.757185,XX,0.0437485,0.0272509,0.0294698
15.428873,73.797334,XX,0.0391465,0.0272509,0.0262248
15.425068,73.795818,XX,0.0452826,0.0310844,0.0294698
15.426568,73.797347,XX,0.0452826,0.0330012,0.0294698
15.447944,73.788696,XX,0.0422145,0.0291677,0.0294698
15.426198,73.804058,XX,0.0468166,0.0330012,0.0294698
15.441296,73.787896,XX,0.0406805,0.0310844,0.0294698
15.426693,73.795389,XX,0.0437485,0.0330012,0.0327147
15.446184,73.789126,XX,0.0406805,0.0291677,0.0294698
15.433566,73.812823,XX,0.0483506,0.0368347,0.0359597
15.422601,73.79094,XX,0.0406805,0.0272509,0.0294698
15.439803,73.812647,XX,0.0483506,0.0330012,0.0327147
15.44699,73.812886,XX,0.0483506,0.034918,0.0359597
15.455264,73.813538,XX,0.0790311,0.0905042,0.1333085
15.452486,73.826555,XX,0.0452826,0.0368347,0.0456946
15.453767,73.812428,XX,0.0437485,0.0310844,0.0424496
15.449708,73.814129,XX,0.0452826,0.0368347,0.0359597
15.451143,73.828939,XX,0.0452826,0.034918,0.0456946
15.449903,73.825172,XX,0.0498846,0.0368347,0.0456946
15.451798,73.824602,XX,0.0468166,0.034918,0.0424496
15.449377,73.82825,XX,0.0468166,0.034918,0.0424496
15.450701,73.822231,XX,0.0452826,0.034918,0.0424496
15.447561,73.818195,XX,0.0468166,0.0330012,0.0359597
15.449314,73.816508,XX,0.0422145,0.0291677,0.0392047
15.451133,73.827122,XX,0.0452826,0.0330012,0.0392047
15.448387,73.820567,XX,0.0498846,0.0406683,0.0392047
15.449077,73.82294,XX,0.0498846,0.0387515,0.0424496
15.444282,73.813601,XX,0.0483506,0.034918,0.0327147
15.445801,73.818764,XX,0.0498846,0.0368347,0.0392047
15.444168,73.817655,XX,0.0483506,0.0368347,0.0392047
15.439956,73.816002,XX,0.0483506,0.0368347,0.0327147
15.449598,73.818883,XX,0.0422145,0.0291677,0.0392047
15.445165,73.826596,XX,0.0514186,0.0387515,0.0359597
15.445016,73.824081,XX,0.0483506,0.0368347,0.0359597
15.443342,73.815283,XX,0.0483506,0.0368347,0.0359597
15.44051,73.818095,XX,0.0468166,0.0368347,0.0327147
15.447816,73.815258,XX,0.0483506,0.0368347,0.0359597
15.443062,73.813607,XX,0.0468166,0.034918,0.0327147
15.443273,73.827865,XX,0.0498846,0.0387515,0.0359597
15.451776,73.820548,XX,0.0437485,0.0330012,0.0424496
15.450799,73.815241,XX,0.0422145,0.0310844,0.0392047
15.448554,73.826577,XX,0.0498846,0.0368347,0.0392047
15.446467,73.816524,XX,0.0483506,0.0368347,0.0392047
15.453542,73.821097,XX,0.0437485,0.0406683,0.0586744
15.449881,73.821118,XX,0.0468166,0.034918,0.0424496
15.405227,73.812564,XX,0.0452826,0.034918,0.0392047
15.401416,73.809791,XX,0.0468166,0.0368347,0.0424496
15.402652,73.812859,XX,0.0483506,0.0368347,0.0456946
15.403055,73.812018,XX,0.0468166,0.034918,0.0392047
15.403343,73.815231,XX,0.0483506,0.0387515,0.0392047
15.403743,73.81397,XX,0.0468166,0.0368347,0.0392047
15.422286,73.807855,XX,0.0514186,0.0406683,0.0294698
15.42963,73.812006,XX,0.0468166,0.034918,0.0327147
15.432086,73.789767,XX,0.0422145,0.0291677,0.0294698
15.443056,73.812489,XX,0.0468166,0.0330012,0.0327147
15.44813,73.797922,XX,0.0437485,0.0330012,0.0359597
15.424071,73.812038,XX,0.0514186,0.042585,0.0327147
15.42449,73.789252,XX,0.0391465,0.0291677,0.0327147
15.425122,73.805742,XX,0.0437485,0.034918,0.0327147
15.423294,73.793592,XX,0.0422145,0.0272509,0.0294698
15.438681,73.805804,XX,0.0406805,0.0310844,0.0327147
15.445282,73.797938,XX,0.0422145,0.0272509,0.0294698
15.444698,73.790253,XX,0.0406805,0.0253341,0.0294698
15.447177,73.797228,XX,0.0437485,0.0291677,0.0294698
15.446779,73.798908,XX,0.0422145,0.0310844,0.0294698
15.437555,73.798122,XX,0.0391465,0.0253341,0.0294698
15.432932,73.795773,XX,0.0422145,0.0272509,0.0262248
15.440259,73.796709,XX,0.0406805,0.0272509,0.0327147
15.441492,73.799078,XX,0.0391465,0.0272509,0.0327147
15.439191,73.79979,XX,0.0376124,0.0310844,0.0294698
15.4438,73.799624,XX,0.0406805,0.0291677,0.0294698
15.432242,73.79354,XX,0.0406805,0.0272509,0.0294698
15.431154,73.792987,XX,0.0406805,0.0272509,0.0294698
15.446001,73.756136,XX,0.0437485,0.0272509,0.0294698
15.449082,73.749548,XX,0.0452826,0.0291677,0.0262248
15.432362,73.74182,XX,0.0468166,0.0291677,0.0262248
15.445947,73.746491,XX,0.0468166,0.0330012,0.0294698
15.446661,73.752917,XX,0.0391465,0.0272509,0.0294698
15.449652,73.803644,XX,0.0391465,0.0291677,0.0392047
15.45078,73.811746,XX,0.0452826,0.0330012,0.0359597
15.451552,73.804053,XX,0.0406805,0.0310844,0.0424496
15.415286,73.767501,XX,0.0437485,0.0291677,0.0262248
15.406494,73.771326,XX,0.0452826,0.0330012,0.0262248
15.420853,73.768866,XX,0.0406805,0.0291677,0.0294698
15.416424,73.777138,XX,0.0406805,0.0272509,0.0294698
15.451502,73.770083,XX,0.0422145,0.0253341,0.0294698
15.401234,73.776249,XX,0.0468166,0.0330012,0.0327147
15.407601,73.775373,XX,0.0452826,0.0330012,0.0262248
15.412306,73.767938,XX,0.0422145,0.0291677,0.0262248
15.409036,73.765162,XX,0.0437485,0.0291677,0.0262248
15.402023,73.771772,XX,0.0452826,0.0310844,0.0262248
15.407027,73.769506,XX,0.0437485,0.0291677,0.0262248
15.405004,73.771475,XX,0.0452826,0.0310844,0.0327147
15.404606,73.773154,XX,0.0468166,0.0330012,0.0327147
15.402033,73.773728,XX,0.0468166,0.0330012,0.0262248
15.403402,73.776096,XX,0.0452826,0.0310844,0.0327147
15.402315,73.775683,XX,0.0468166,0.0330012,0.0294698
15.410177,73.775218,XX,0.0452826,0.0310844,0.0294698
15.407449,73.772299,XX,0.0452826,0.0291677,0.0294698
15.41585,73.771411,XX,0.0437485,0.0291677,0.0262248
15.393065,73.74583,XX,0.0437485,0.0272509,0.0197349
15.430119,73.777198,XX,0.0406805,0.0234174,0.0294698
15.429684,73.772029,XX,0.0422145,0.0272509,0.0294698
15.406875,73.766572,XX,0.0452826,0.0272509,0.0294698
15.403901,73.768267,XX,0.0437485,0.0291677,0.0294698
15.410134,73.767531,XX,0.0437485,0.0291677,0.0262248
15.412421,73.764163,XX,0.0437485,0.0291677,0.0262248
15.401186,73.767584,XX,0.0468166,0.0291677,0.0262248
15.45694,73.772707,XX,0.0468166,0.0272509,0.0294698
15.449374,73.75318,XX,0.0422145,0.0272509,0.0294698
15.454637,73.773,XX,0.0452826,0.0291677,0.0294698
15.460198,73.773387,XX,0.0452826,0.0291677,0.0262248
15.452873,73.772871,XX,0.0437485,0.0310844,0.0294698
15.459964,73.780099,XX,0.0437485,0.0291677,0.0294698
15.462633,73.772394,XX,0.0437485,0.0310844,0.0294698
15.464526,73.771404,XX,0.0437485,0.0291677,0.0294698
15.457255,73.780534,XX,0.0437485,0.0310844,0.0294698
15.459971,73.781357,XX,0.0437485,0.0291677,0.0294698
15.455483,73.778867,XX,0.0437485,0.0291677,0.0294698
15.457108,73.778578,XX,0.0452826,0.0310844,0.0294698
15.462531,73.778406,XX,0.0437485,0.0291677,0.0294698
15.460769,73.778556,XX,0.0437485,0.0291677,0.0294698
15.462274,73.781064,XX,0.0437485,0.0291677,0.0294698
15.465546,73.78426,XX,0.0437485,0.0291677,0.0327147
15.459406,73.777306,XX,0.0452826,0.0291677,0.0294698
15.461316,73.779392,XX,0.0422145,0.0310844,0.0327147
15.458327,73.778291,XX,0.0422145,0.0291677,0.0294698
15.462271,73.780505,XX,0.0437485,0.0310844,0.0359597
15.455192,73.775373,XX,0.0452826,0.0291677,0.0294698
15.454927,73.776493,XX,0.0437485,0.0272509,0.0294698
15.461711,73.777292,XX,0.0437485,0.0272509,0.0294698
15.456139,73.774948,XX,0.0437485,0.0272509,0.0294698
15.457637,73.776058,XX,0.0437485,0.0272509,0.0294698
15.456557,73.777043,XX,0.0437485,0.0272509,0.0294698
15.453166,73.776643,XX,0.0437485,0.0272509,0.0327147
15.464707,73.779651,XX,0.0437485,0.0291677,0.0294698
15.453697,73.774683,XX,0.0452826,0.0272509,0.0262248
15.452625,73.776926,XX,0.0437485,0.0291677,0.0294698
15.451983,73.808524,XX,0.0452826,0.0330012,0.0359597
15.450768,73.80937,XX,0.0452826,0.0368347,0.0392047
15.446394,73.802964,XX,0.0406805,0.0291677,0.0294698
15.459461,73.787231,XX,0.0468166,0.0330012,0.0327147
15.456211,73.787949,XX,0.0422145,0.0291677,0.0327147
15.460274,73.787227,XX,0.0452826,0.034918,0.0327147
15.45959,73.786112,XX,0.0437485,0.0310844,0.0294698
15.455268,73.789073,XX,0.0437485,0.0291677,0.0327147
15.45662,73.788366,XX,0.0437485,0.0310844,0.0327147
15.459465,73.78793,XX,0.0452826,0.0310844,0.0294698
15.458789,73.788354,XX,0.0452826,0.0330012,0.0327147
15.457411,73.784308,XX,0.0452826,0.0291677,0.0294698
15.457144,73.785008,XX,0.0468166,0.0310844,0.0294698
15.458628,73.783741,XX,0.0422145,0.0291677,0.0327147
15.459445,73.784435,XX,0.0422145,0.0310844,0.0294698
15.459854,73.784853,XX,0.0452826,0.034918,0.0327147
15.456607,73.78613,XX,0.0468166,0.0310844,0.0294698
15.458895,73.783041,XX,0.0437485,0.0310844,0.0294698
15.454003,73.756648,XX,0.0437485,0.0310844,0.0327147
15.452768,73.753999,XX,0.0437485,0.0310844,0.0327147
15.457942,73.757882,XX,0.0437485,0.0310844,0.0294698
15.453886,73.759864,XX,0.0452826,0.0310844,0.0327147
15.453906,73.763498,XX,0.0452826,0.0291677,0.0294698
15.455637,73.757756,XX,0.0437485,0.0291677,0.0327147
15.461984,73.729479,XX,0.0498846,0.0330012,0.0262248
15.451127,73.751492,XX,0.0437485,0.0272509,0.0294698
15.452711,73.743794,XX,0.0468166,0.0291677,0.0229798
15.464698,73.729742,XX,0.0514186,0.0330012,0.0262248
15.457783,73.729784,XX,0.0498846,0.034918,0.0262248
15.452871,73.748127,XX,0.0452826,0.0310844,0.0294698
15.454938,73.730221,XX,0.0514186,0.0310844,0.0229798
15.457176,73.766275,XX,0.0437485,0.0291677,0.0294698
15.417532,73.781325,XX,0.0406805,0.0272509,0.0294698
15.431621,73.779146,XX,0.0422145,0.0253341,0.0294698
15.42159,73.779484,XX,0.0406805,0.0272509,0.0327147
15.408171,73.780401,XX,0.0468166,0.0330012,0.0327147
15.420774,73.77907,XX,0.0391465,0.0272509,0.0294698
15.401973,73.787425,XX,0.0406805,0.0291677,0.0392047
15.415781,73.783432,XX,0.0452826,0.0291677,0.0294698
15.407642,73.78278,XX,0.0468166,0.0310844,0.0294698
15.413196,73.781909,XX,0.0452826,0.0310844,0.0294698
15.430546,73.78097,XX,0.0422145,0.0272509,0.0262248
15.429191,73.780977,XX,0.0422145,0.0272509,0.0262248
15.406415,73.78153,XX,0.0468166,0.034918,0.0327147
15.430266,73.779294,XX,0.0391465,0.0234174,0.0262248
15.405336,73.782514,XX,0.0452826,0.0310844,0.0294698
15.401271,73.782957,XX,0.0452826,0.0291677,0.0327147
15.428373,73.780283,XX,0.0391465,0.0253341,0.0294698
15.428641,73.779723,XX,0.0406805,0.0272509,0.0294698
15.431368,73.782502,XX,0.0391465,0.0272509,0.0327147
15.430778,73.773839,XX,0.0422145,0.0272509,0.0294698
15.431323,73.774255,XX,0.0437485,0.0272509,0.0262248
15.427551,73.778751,XX,0.0406805,0.0253341,0.0294698
15.408443,73.830856,XX,0.0483506,0.042585,0.0424496
15.409249,73.829593,XX,0.0514186,0.0406683,0.0392047
15.404626,73.827103,XX,0.0468166,0.034918,0.0424496
15.429034,73.777204,XX,0.0391465,0.0253341,0.0262248
15.42943,73.775245,XX,0.0422145,0.0272509,0.0262248
15.429174,73.778042,XX,0.0422145,0.0272509,0.0294698
15.430786,73.775237,XX,0.0422145,0.0272509,0.0229798
15.406281,73.832405,XX,0.0468166,0.0406683,0.0456946
15.410599,73.828468,XX,0.0514186,0.042585,0.0359597
15.406961,73.832821,XX,0.0483506,0.042585,0.0424496
15.407364,73.83198,XX,0.0468166,0.0406683,0.0456946
15.405014,73.823467,XX,0.0468166,0.0368347,0.0456946
15.409644,73.827355,XX,0.0514186,0.042585,0.0359597
15.405872,73.831849,XX,0.0483506,0.0387515,0.0424496
15.411246,73.822454,XX,0.0498846,0.0406683,0.0392047
15.41176,73.842858,XX,0.0483506,0.0387515,0.0392047
15.411606,73.839504,XX,0.0498846,0.042585,0.0424496
15.405963,73.823462,XX,0.0468166,0.034918,0.0456946
15.438595,73.840752,XX,0.0514186,0.042585,0.0359597
15.407475,73.827367,XX,0.0498846,0.0406683,0.0424496
15.409483,73.822464,XX,0.0498846,0.0368347,0.0392047
15.43508,73.842589,XX,0.0544867,0.0464186,0.0392047
15.440233,73.84284,XX,0.0498846,0.0406683,0.0392047
15.43047,73.842614,XX,0.0529527,0.042585,0.0359597
15.42897,73.841085,XX,0.0514186,0.0406683,0.0359597
15.428978,73.842622,XX,0.0514186,0.0406683,0.0392047
15.433444,73.84092,XX,0.0514186,0.0406683,0.0392047
15.432228,73.841766,XX,0.0514186,0.0406683,0.0359597
15.436152,73.840206,XX,0.0544867,0.042585,0.0359597
15.413994,73.829427,XX,0.0498846,0.0406683,0.0359597
15.407084,73.830304,XX,0.0483506,0.0387515,0.0424496
15.422175,73.787448,XX,0.0406805,0.0253341,0.0294698
15.409633,73.825258,XX,0.0514186,0.0406683,0.0359597
15.410235,73.836576,XX,0.0498846,0.0464186,0.0392047
15.42838,73.781541,XX,0.0406805,0.0272509,0.0294698
15.422185,73.789125,XX,0.0406805,0.0272509,0.0294698
15.410894,73.782342,XX,0.0437485,0.0310844,0.0327147
15.414149,73.782603,XX,0.0437485,0.0291677,0.0327147
15.410485,73.781925,XX,0.0468166,0.0310844,0.0294698
15.411435,73.782059,XX,0.0468166,0.0330012,0.0327147
15.409265,73.781932,XX,0.0483506,0.0310844,0.0327147
15.408591,73.782775,XX,0.0452826,0.0330012,0.0327147
15.40994,73.781509,XX,0.0468166,0.0310844,0.0294698
15.407513,73.783899,XX,0.0422145,0.0330012,0.0392047
15.406703,73.784603,XX,0.0406805,0.0272509,0.0359597
15.405887,73.784188,XX,0.0468166,0.0291677,0.0294698
15.408179,73.781799,XX,0.0452826,0.034918,0.0327147
15.405215,73.78531,XX,0.0452826,0.0310844,0.0359597
15.405896,73.785726,XX,0.0468166,0.0368347,0.0392047
15.404806,73.784754,XX,0.0437485,0.0291677,0.0327147
15.404001,73.786435,XX,0.0452826,0.0310844,0.0392047
15.397911,73.788567,XX,0.0422145,0.0272509,0.0327147
15.403997,73.785597,XX,0.0422145,0.0310844,0.0359597
15.395201,73.788723,XX,0.0437485,0.0291677,0.0327147
15.404799,73.783496,XX,0.0437485,0.0330012,0.0327147
15.392993,73.781747,XX,0.0437485,0.0310844,0.0294698
15.394801,73.790122,XX,0.0437485,0.0330012,0.0392047
15.396525,73.782985,XX,0.0437485,0.0272509,0.0294698
15.395341,73.7897,XX,0.0452826,0.0330012,0.0359597
15.404665,73.783776,XX,0.0437485,0.0310844,0.0327147
15.40426,73.784198,XX,0.0437485,0.0310844,0.0327147
15.409808,73.782209,XX,0.0468166,0.0310844,0.0327147
15.418222,73.783557,XX,0.0422145,0.0310844,0.0294698
15.421341,73.783679,XX,0.0391465,0.0253341,0.0294698
15.402252,73.814119,XX,0.0498846,0.0387515,0.0456946
15.410539,73.817147,XX,0.0498846,0.0368347,0.0392047
15.396821,73.787455,XX,0.0422145,0.0291677,0.0327147
15.398011,73.781998,XX,0.0437485,0.0330012,0.0359597
15.424451,73.781984,XX,0.0406805,0.0272509,0.0294698
15.423235,73.782829,XX,0.0391465,0.0272509,0.0294698
15.427201,73.789096,XX,0.0406805,0.0253341,0.0294698
15.411889,73.816021,XX,0.0483506,0.0368347,0.0359597
15.41188,73.814344,XX,0.0452826,0.034918,0.0359597
15.404142,73.812431,XX,0.0452826,0.034918,0.0359597
15.408898,73.814361,XX,0.0483506,0.0368347,0.0327147
15.409713,73.814775,XX,0.0468166,0.034918,0.0359597
15.408228,73.815902,XX,0.0498846,0.0406683,0.0424496
15.410669,73.816028,XX,0.0468166,0.0368347,0.0359597
15.406573,73.81074,XX,0.0437485,0.0330012,0.0359597
15.406719,73.812556,XX,0.0514186,0.0406683,0.0554295
15.411175,73.809176,XX,0.0452826,0.0330012,0.0359597
15.41037,73.810718,XX,0.0422145,0.034918,0.0359597
15.412268,73.810707,XX,0.0468166,0.0310844,0.0327147
15.408067,73.811151,XX,0.0437485,0.0330012,0.0359597
15.409292,73.811982,XX,0.0452826,0.0330012,0.0359597
15.42516,73.81287,XX,0.0498846,0.0387515,0.0359597
15.425095,73.80071,XX,0.0468166,0.0330012,0.0294698
15.422782,73.799186,XX,0.0468166,0.0330012,0.0294698
15.413893,73.810279,XX,0.0483506,0.034918,0.0327147
15.423381,73.809805,XX,0.0514186,0.0406683,0.0327147
15.423362,73.806171,XX,0.0498846,0.0387515,0.0327147
15.422938,73.802959,XX,0.0468166,0.034918,0.0294698
15.42225,73.801146,XX,0.0483506,0.034918,0.0294698
15.413934,73.817966,XX,0.0483506,0.0387515,0.0359597
15.410549,73.818964,XX,0.0483506,0.0387515,0.0392047
15.41299,73.81895,XX,0.0483506,0.034918,0.0392047
15.404161,73.816065,XX,0.0468166,0.0368347,0.0424496
15.429574,73.801663,XX,0.0422145,0.0310844,0.0294698
15.412844,73.817134,XX,0.0498846,0.0368347,0.0359597
15.429058,73.806418,XX,0.0422145,0.0330012,0.0294698
15.4139,73.811676,XX,0.0483506,0.034918,0.0294698
15.448832,73.802531,XX,0.0406805,0.0291677,0.0327147
15.44922,73.799034,XX,0.0406805,0.0291677,0.0359597
15.447465,73.800442,XX,0.0422145,0.0330012,0.0327147
15.419781,73.771108,XX,0.0406805,0.0253341,0.0294698
15.434663,73.741107,XX,0.0468166,0.0291677,0.0262248
15.437511,73.74123,XX,0.0483506,0.0310844,0.0229798
15.448794,73.746474,XX,0.0437485,0.0291677,0.0262248
15.452174,73.793704,XX,0.0437485,0.0291677,0.0294698
15.446953,73.806036,XX,0.0422145,0.0291677,0.0294698
15.446965,73.808273,XX,0.0498846,0.034918,0.0327147
15.450743,73.804757,XX,0.0406805,0.0291677,0.0327147
15.399616,73.777935,XX,0.0452826,0.0330012,0.0327147
15.400347,73.787714,XX,0.0422145,0.0272509,0.0327147
15.396623,73.776136,XX,0.0437485,0.0291677,0.0262248
15.393199,73.769867,XX,0.0422145,0.0291677,0.0262248
15.394823,73.769298,XX,0.0437485,0.0272509,0.0294698
15.396203,73.773763,XX,0.0422145,0.0272509,0.0262248
15.400352,73.788553,XX,0.0406805,0.0291677,0.0359597
15.395807,73.775721,XX,0.0452826,0.0272509,0.0262248
15.39982,73.790373,XX,0.0376124,0.0310844,0.0456946
15.398024,73.784374,XX,0.0422145,0.0291677,0.0327147
15.399493,73.780172,XX,0.0452826,0.0291677,0.0294698
15.39817,73.786329,XX,0.0437485,0.0310844,0.0327147
15.393829,73.785935,XX,0.0452826,0.0291677,0.0294698
15.395409,73.777261,XX,0.0437485,0.0272509,0.0294698
15.39872,73.787724,XX,0.0406805,0.0310844,0.0359597
15.399529,73.786881,XX,0.0452826,0.0310844,0.0294698
15.395188,73.786486,XX,0.0437485,0.0291677,0.0294698
15.397322,73.779905,XX,0.0452826,0.0291677,0.0294698
15.396902,73.777532,XX,0.0452826,0.0272509,0.0294698
15.398052,73.789405,XX,0.0422145,0.0310844,0.0327147
15.40106,73.769262,XX,0.0452826,0.0310844,0.0294698
15.405492,73.737649,XX,0.0468166,0.0291677,0.0262248
15.397957,73.772215,XX,0.0437485,0.0291677,0.0262248
15.393103,73.776995,XX,0.0452826,0.0291677,0.0294698
15.397267,73.769983,XX,0.0437485,0.0272509,0.0294698
15.40108,73.772895,XX,0.0468166,0.0291677,0.0294698
15.399848,73.770806,XX,0.0437485,0.0310844,0.0294698
15.41174,73.739568,XX,0.0483506,0.0291677,0.0229798
15.395823,73.778517,XX,0.0422145,0.0291677,0.0294698
15.395836,73.781032,XX,0.0437485,0.0291677,0.0262248
15.393791,73.778948,XX,0.0437485,0.0272509,0.0294698
15.394841,73.772652,XX,0.0422145,0.0253341,0.0229798
15.395373,73.770693,XX,0.0437485,0.0272509,0.0229798
15.39712,73.767887,XX,0.0437485,0.0272509,0.0262248
15.392814,73.773922,XX,0.0452826,0.0291677,0.0262248
15.392993,73.733252,XX,0.0468166,0.0310844,0.0262248
15.395465,73.762866,XX,0.0422145,0.0272509,0.0294698
15.410673,73.742649,XX,0.0452826,0.0253341,0.0229798
15.397707,73.751532,XX,0.0422145,0.0291677,0.0229798
15.39487,73.753506,XX,0.0437485,0.0291677,0.0262248
15.395482,73.76594,XX,0.0422145,0.0291677,0.0294698
15.397251,73.767048,XX,0.0437485,0.0272509,0.0262248
15.394177,73.775172,XX,0.0437485,0.0272509,0.0262248
15.399952,73.741037,XX,0.0437485,0.0291677,0.0229798
15.397641,73.739933,XX,0.0468166,0.0272509,0.0262248
15.39872,73.738808,XX,0.0468166,0.0291677,0.0197349
15.397009,73.748042,XX,0.0437485,0.0291677,0.0294698
15.411023,73.732724,XX,0.0468166,0.0291677,0.0229798
15.406108,73.750643,XX,0.0452826,0.0291677,0.0262248
15.413359,73.738161,XX,0.0452826,0.0291677,0.0229798
15.394836,73.747357,XX,0.0406805,0.0272509,0.0262248
15.394819,73.744422,XX,0.0437485,0.0272509,0.0229798
15.398265,73.754324,XX,0.0422145,0.0272509,0.0262248
15.405006,73.747575,XX,0.0452826,0.0272509,0.0262248
15.395666,73.750286,XX,0.0422145,0.0272509,0.0262248
15.398764,73.746634,XX,0.0437485,0.0310844,0.0229798
15.396492,73.752518,XX,0.0437485,0.0272509,0.0262248
15.406077,73.745193,XX,0.0452826,0.0272509,0.0229798
15.398709,73.736991,XX,0.0498846,0.0330012,0.0262248
15.415108,73.735774,XX,0.0452826,0.0291677,0.0229798
15.404496,73.753309,XX,0.0437485,0.0291677,0.0262248
15.396588,73.745529,XX,0.0422145,0.0253341,0.0229798
15.395197,73.739249,XX,0.0483506,0.0291677,0.0229798
15.414051,73.740672,XX,0.0468166,0.0291677,0.0294698
15.412344,73.750466,XX,0.0437485,0.0310844,0.0294698
15.39369,73.736602,XX,0.0468166,0.0291677,0.0197349
15.407797,73.737635,XX,0.0483506,0.0310844,0.0229798
15.411183,73.736916,XX,0.0452826,0.0291677,0.0262248
15.39694,73.735744,XX,0.0483506,0.0310844,0.0229798
15.40332,73.737103,XX,0.0514186,0.034918,0.0229798
15.413339,73.734667,XX,0.0468166,0.0272509,0.0262248
15.408931,73.746294,XX,0.0483506,0.0310844,0.0262248
15.411777,73.746137,XX,0.0437485,0.0291677,0.0262248
15.402624,73.733893,XX,0.0498846,0.0291677,0.0229798
15.39869,73.733637,XX,0.0498846,0.0330012,0.0229798
15.40731,73.747422,XX,0.0483506,0.0291677,0.0262248
15.408371,73.743222,XX,0.0452826,0.0291677,0.0229798
15.396515,73.732672,XX,0.0498846,0.0330012,0.0262248
15.404927,73.733599,XX,0.0483506,0.0310844,0.0229798
15.407881,73.75245,XX,0.0452826,0.0310844,0.0262248
15.407236,73.734424,XX,0.0483506,0.0330012,0.0262248
15.408957,73.750906,XX,0.0452826,0.0291677,0.0262248
15.393173,73.741078,XX,0.0422145,0.0272509,0.0262248
15.421042,73.730147,XX,0.0483506,0.0310844,0.0197349
15.410733,73.753271,XX,0.0452826,0.0291677,0.0262248
15.42162,73.736434,XX,0.0468166,0.0291677,0.0262248
15.430735,73.74183,XX,0.0468166,0.0291677,0.0262248
15.426058,73.730117,XX,0.0468166,0.0291677,0.0229798
15.426385,73.739899,XX,0.0452826,0.0291677,0.0262248
15.432485,73.739583,XX,0.0468166,0.0310844,0.0294698
15.418262,73.742045,XX,0.0452826,0.0310844,0.0262248
15.417736,73.744983,XX,0.0468166,0.0310844,0.0262248
15.419494,73.744134,XX,0.0483506,0.0330012,0.0294698
15.428837,73.741841,XX,0.0468166,0.0310844,0.0262248
15.420559,73.740633,XX,0.0498846,0.0310844,0.0262248
15.418921,73.738686,XX,0.0452826,0.0291677,0.0262248
15.415661,73.737588,XX,0.0452826,0.0291677,0.0229798
15.424783,73.744382,XX,0.0468166,0.0310844,0.0262248
15.41564,73.733954,XX,0.0468166,0.0291677,0.0197349
15.43243,73.729938,XX,0.0483506,0.0310844,0.0229798
15.421674,73.745938,XX,0.0468166,0.0291677,0.0262248
15.421115,73.743006,XX,0.0468166,0.0330012,0.0262248
15.424489,73.74019,XX,0.0468166,0.0330012,0.0262248
15.422463,73.7416,XX,0.0483506,0.0310844,0.0229798
15.428904,73.72982,XX,0.0483506,0.0310844,0.0229798
15.424475,73.737814,XX,0.0452826,0.0310844,0.0294698
15.423404,73.740197,XX,0.0452826,0.0291677,0.0262248
15.415704,73.745275,XX,0.0437485,0.0291677,0.0262248
15.402601,73.72998,XX,0.0468166,0.0291677,0.0229798
15.405448,73.729962,XX,0.0452826,0.0291677,0.0229798
15.418736,73.730021,XX,0.0468166,0.0310844,0.0229798
15.398669,73.730004,XX,0.0498846,0.0291677,0.0262248
15.427428,73.732485,XX,0.0468166,0.0310844,0.0229798
15.416364,73.742056,XX,0.0468166,0.0310844,0.0262248
15.428386,73.734156,XX,0.0468166,0.0291677,0.0229798
15.416159,73.729897,XX,0.0468166,0.0291677,0.0229798
15.417834,73.762454,XX,0.0406805,0.0234174,0.0262248
15.422058,73.766063,XX,0.0406805,0.0253341,0.0294698
15.418673,73.766922,XX,0.0437485,0.0291677,0.0262248
15.438805,73.778825,XX,0.0437485,0.0310844,0.0294698
15.432335,73.737068,XX,0.0498846,0.0330012,0.0229798
15.426753,73.733048,XX,0.0468166,0.0310844,0.0229798
15.431634,73.733018,XX,0.0468166,0.0310844,0.0229798
15.434493,73.783602,XX,0.0422145,0.0272509,0.0294698
15.410598,73.729512,XX,0.0468166,0.0310844,0.0229798
15.430175,73.738758,XX,0.0483506,0.0310844,0.0229798
15.42732,73.737378,XX,0.0468166,0.0330012,0.0229798
15.430699,73.73554,XX,0.0468166,0.0272509,0.0197349
15.432291,73.777605,XX,0.0437485,0.0253341,0.0294698
15.430939,73.778311,XX,0.0391465,0.0253341,0.0294698
15.430298,73.785164,XX,0.0391465,0.0272509,0.0294698
15.432583,73.781517,XX,0.0422145,0.0253341,0.0294698
15.419472,73.764401,XX,0.0422145,0.0291677,0.0262248
15.432974,73.778579,XX,0.0437485,0.0272509,0.0262248
15.433115,73.779557,XX,0.0422145,0.0272509,0.0262248
15.437312,73.778554,XX,0.0422145,0.0272509,0.0262248
15.433371,73.77676,XX,0.0437485,0.0291677,0.0327147
15.4312,73.776493,XX,0.0422145,0.0272509,0.0229798
15.432055,73.784176,XX,0.0406805,0.0253341,0.0294698
15.431315,73.772858,XX,0.0437485,0.0291677,0.0262248
15.433933,73.780391,XX,0.0406805,0.0272509,0.0294698
15.43339,73.780254,XX,0.0406805,0.0253341,0.0294698
15.432202,73.786272,XX,0.0406805,0.0272509,0.0262248
15.43274,73.78543,XX,0.0391465,0.0272509,0.0294698
15.433786,73.778295,XX,0.0422145,0.0272509,0.0262248
15.434334,73.77941,XX,0.0437485,0.0291677,0.0294698
15.422115,73.776406,XX,0.0422145,0.0291677,0.0327147
15.433276,73.784308,XX,0.0406805,0.0272509,0.0294698
15.433106,73.778019,XX,0.0422145,0.0272509,0.0294698
15.445812,73.770815,XX,0.0422145,0.0291677,0.0294698
15.427631,73.768686,XX,0.0422145,0.0291677,0.0294698
15.423486,73.779194,XX,0.0406805,0.0253341,0.0229798
15.423514,73.759765,XX,0.0422145,0.0291677,0.0294698
15.422623,73.770253,XX,0.0422145,0.0272509,0.0294698
15.422684,73.781295,XX,0.0391465,0.0291677,0.0262248
15.428551,73.763369,XX,0.0422145,0.0253341,0.0294698
15.424074,73.762836,XX,0.0422145,0.0253341,0.0294698
15.452834,73.765741,XX,0.0422145,0.0291677,0.0294698
15.446881,73.768013,XX,0.0406805,0.0291677,0.0294698
15.426883,73.780572,XX,0.0406805,0.0272509,0.0294698
15.445511,73.765505,XX,0.0406805,0.0253341,0.0262248
15.44501,73.772917,XX,0.0437485,0.0310844,0.0262248
15.445557,73.773892,XX,0.0437485,0.0291677,0.0294698
15.447587,73.773042,XX,0.0422145,0.0272509,0.0294698
15.421767,73.76257,XX,0.0422145,0.0291677,0.0294698
15.448988,73.756817,XX,0.0437485,0.0272509,0.0294698
15.449985,73.765479,XX,0.0406805,0.0272509,0.0262248
15.420668,73.760061,XX,0.0422145,0.0291677,0.0229798
15.414173,73.762336,XX,0.0422145,0.0272509,0.0262248
15.424309,73.780866,XX,0.0406805,0.0234174,0.0294698
15.449775,73.801267,XX,0.0391465,0.0291677,0.0327147
15.431933,73.811714,XX,0.0483506,0.0368347,0.0327147
15.430749,73.793269,XX,0.0406805,0.0272509,0.0294698
15.445975,73.80073,XX,0.0406805,0.0291677,0.0294698
15.427187,73.837181,XX,0.0514186,0.0406683,0.0359597
15.447188,73.824628,XX,0.0483506,0.0406683,0.0392047
15.425571,73.839287,XX,0.0514186,0.0464186,0.0359597
15.449769,73.800289,XX,0.0422145,0.0291677,0.0359597
15.443053,73.837652,XX,0.0483506,0.0368347,0.0392047
15.443717,73.834852,XX,0.0498846,0.0368347,0.0359597
15.430594,73.840517,XX,0.0529527,0.0406683,0.0327147
15.432219,73.840088,XX,0.0514186,0.0406683,0.0359597
15.441399,73.832349,XX,0.0483506,0.0368347,0.0359597
15.430584,73.83856,XX,0.0514186,0.042585,0.0359597
15.441296,73.83864,XX,0.0514186,0.0406683,0.0392047
15.441251,73.830113,XX,0.0483506,0.0387515,0.0392047
15.426672,73.842495,XX,0.0514186,0.0445018,0.0359597
15.443864,73.837088,XX,0.0483506,0.0387515,0.0392047
15.439368,73.832919,XX,0.0498846,0.0387515,0.0392047
15.443297,73.832478,XX,0.0514186,0.0368347,0.0359597
15.446329,73.841827,XX,0.0452826,0.0387515,0.0424496
15.437328,73.831812,XX,0.0498846,0.0387515,0.0359597
15.446769,73.822254,XX,0.0514186,0.0406683,0.0424496
15.433861,73.842875,XX,0.0529527,0.0445018,0.0359597
15.445106,73.841135,XX,0.0468166,0.0387515,0.0392047
15.445777,73.839873,XX,0.0468166,0.0387515,0.0424496
15.442936,73.841147,XX,0.0468166,0.034918,0.0392047
15.416099,73.842973,XX,0.0483506,0.042585,0.0392047
15.427207,73.840955,XX,0.0514186,0.0406683,0.0327147
15.420167,73.842951,XX,0.0483506,0.0406683,0.0359597
15.447802,73.838184,XX,0.0468166,0.0368347,0.0456946
15.443756,73.842401,XX,0.0483506,0.0368347,0.0424496
15.448617,73.838459,XX,0.0437485,0.0406683,0.0456946
15.440763,73.84046,XX,0.0483506,0.0368347,0.0392047
15.449954,73.834957,XX,0.0406805,0.0387515,0.0489395
15.445615,73.834842,XX,0.0468166,0.0387515,0.0424496
15.447374,73.834133,XX,0.0498846,0.0387515,0.0392047
15.45731,73.790739,XX,0.0437485,0.0310844,0.0327147
15.44777,73.832173,XX,0.0468166,0.0368347,0.0392047
15.425581,73.841104,XX,0.0514186,0.0406683,0.0327147
15.449676,73.833561,XX,0.0391465,0.0330012,0.0489395
15.450209,73.83174,XX,0.0391465,0.0330012,0.0424496
15.456243,73.793821,XX,0.0376124,0.0291677,0.0359597
15.453606,73.807676,XX,0.0406805,0.0330012,0.0456946
15.455015,73.79257,XX,0.0422145,0.0272509,0.0327147
15.455844,73.795361,XX,0.0376124,0.0291677,0.0359597
15.452744,73.798734,XX,0.0376124,0.0272509,0.0327147
15.453285,73.798451,XX,0.0345444,0.0310844,0.0392047
15.452704,73.791465,XX,0.0468166,0.0310844,0.0327147
15.454205,73.793134,XX,0.0422145,0.0291677,0.0359597
15.454489,73.795508,XX,0.0376124,0.0291677,0.0359597
15.453401,73.794956,XX,0.0391465,0.0310844,0.0327147
15.455299,73.794805,XX,0.0360784,0.0253341,0.0359597
15.456642,73.79256,XX,0.0406805,0.0291677,0.0327147
15.455548,73.790749,XX,0.0422145,0.0330012,0.0327147
15.454224,73.796628,XX,0.0376124,0.0291677,0.0392047
15.455034,73.795925,XX,0.0376124,0.0291677,0.0392047
15.452738,73.797616,XX,0.0345444,0.0272509,0.0359597
15.454133,73.804877,XX,0.0652249,0.0713365,0.0878791
15.452642,73.804886,XX,0.0437485,0.0310844,0.0392047
15.456633,73.790743,XX,0.0422145,0.0310844,0.0327147
15.453312,73.803484,XX,0.071361,0.0943377,0.1527783
15.453326,73.806,XX,0.0406805,0.0310844,0.0424496
15.453992,73.803899,XX,0.0529527,0.0636695,0.175493
15.454277,73.806414,XX,0.0974394,0.1096719,0.1657581
15.4599,73.768635,XX,0.0452826,0.0291677,0.0294698
15.458272,73.768365,XX,0.0422145,0.0291677,0.0294698
15.453631,73.787265,XX,0.0452826,0.0310844,0.0294698
15.459345,73.766262,XX,0.0422145,0.0272509,0.0294698
15.454586,73.788378,XX,0.0437485,0.0272509,0.0327147
15.457699,73.787381,XX,0.0437485,0.0310844,0.0359597
15.461269,73.771004,XX,0.0452826,0.0291677,0.0294698
15.461334,73.782747,XX,0.0422145,0.0310844,0.0327147
15.44291,73.78565,XX,0.0406805,0.0291677,0.0327147
15.455356,73.780545,XX,0.0437485,0.0291677,0.0294698
15.457265,73.782491,XX,0.0437485,0.0291677,0.0294698
15.454395,73.778314,XX,0.0437485,0.0291677,0.0262248
15.442361,73.784395,XX,0.0406805,0.0272509,0.0294698
15.458367,73.78556,XX,0.0452826,0.0310844,0.0327147
15.450672,73.767012,XX,0.0422145,0.0272509,0.0294698
15.445343,73.784238,XX,0.0468166,0.0310844,0.0294698
15.448729,73.783519,XX,0.0452826,0.0291677,0.0294698
15.444537,73.785641,XX,0.0452826,0.0291677,0.0327147
15.444934,73.783821,XX,0.0452826,0.0330012,0.0294698
15.443991,73.784805,XX,0.0422145,0.0291677,0.0294698
15.447111,73.785206,XX,0.0452826,0.0291677,0.0294698
15.448882,73.786734,XX,0.0422145,0.0291677,0.0294698
15.462194,73.766665,XX,0.0437485,0.0291677,0.0294698
15.445853,73.778224,XX,0.0452826,0.0291677,0.0294698
15.454435,73.785583,XX,0.0452826,0.0291677,0.0294698
15.459372,73.771155,XX,0.0452826,0.0291677,0.0294698
15.462797,73.777566,XX,0.0437485,0.0291677,0.0262248
15.463892,73.779377,XX,0.0437485,0.0310844,0.0327147
15.457764,73.77452,XX,0.0437485,0.0272509,0.0327147
15.453675,73.770629,XX,0.0422145,0.0291677,0.0294698
15.398265,73.778922,XX,0.0468166,0.0310844,0.0294698
15.456508,73.768096,XX,0.0437485,0.0330012,0.0327147
15.454743,73.767687,XX,0.0452826,0.0310844,0.0294698
15.457333,73.770188,XX,0.0437485,0.0272509,0.0294698
15.395766,73.768315,XX,0.0422145,0.0272509,0.0229798
15.455708,73.770617,XX,0.0437485,0.0291677,0.0294698
15.451487,73.767427,XX,0.0422145,0.0291677,0.0294698
15.451355,73.817754,XX,0.0406805,0.0310844,0.0392047
15.447202,73.827284,XX,0.0514186,0.0406683,0.0392047
15.452358,73.827954,XX,0.0468166,0.0368347,0.0456946
15.446997,73.814144,XX,0.0483506,0.0368347,0.0327147
15.432077,73.78809,XX,0.0422145,0.0272509,0.0294698
15.440277,73.775181,XX,0.0483506,0.034918,0.0327147
15.439453,73.773369,XX,0.0422145,0.0272509,0.0294698
15.438759,73.770438,XX,0.0422145,0.0272509,0.0262248
15.439841,73.770012,XX,0.0437485,0.0272509,0.0327147
15.440657,73.770426,XX,0.0422145,0.0291677,0.0294698
15.438497,73.772117,XX,0.0406805,0.0291677,0.0294698
15.439192,73.775188,XX,0.0422145,0.0291677,0.0294698
15.440273,73.774482,XX,0.0437485,0.0291677,0.0327147
15.440258,73.771827,XX,0.0406805,0.0272509,0.0294698
15.440639,73.767072,XX,0.0422145,0.0291677,0.0294698
15.439514,73.784412,XX,0.0437485,0.0291677,0.0294698
15.438983,73.786512,XX,0.0437485,0.0291677,0.0327147
15.440355,73.764837,XX,0.0422145,0.0272509,0.0262248
15.435588,73.785553,XX,0.0422145,0.0291677,0.0327147
15.437362,73.787639,XX,0.0437485,0.0291677,0.0327147
15.43667,73.784988,XX,0.0406805,0.0272509,0.0294698
15.434907,73.784998,XX,0.0406805,0.0253341,0.0294698
15.435713,73.783595,XX,0.0422145,0.0272509,0.0294698
15.434227,73.784582,XX,0.0422145,0.0291677,0.0294698
15.433691,73.785704,XX,0.0406805,0.0272509,0.0294698
15.433289,73.786685,XX,0.0422145,0.0272509,0.0327147
15.434919,73.787234,XX,0.0391465,0.0291677,0.0294698
15.431515,73.784458,XX,0.0422145,0.0253341,0.0294698
15.429468,73.782094,XX,0.0406805,0.0272509,0.0327147
15.428935,73.783775,XX,0.0391465,0.0272509,0.0294698
15.430212,73.769509,XX,0.0452826,0.0291677,0.0262248
15.429379,73.76602,XX,0.0422145,0.0291677,0.0294698
15.465666,73.781463,XX,0.0422145,0.0310844,0.0327147
15.46441,73.7749,XX,0.0437485,0.0291677,0.0294698
15.422388,73.752363,XX,0.0422145,0.0272509,0.0262248
15.422276,73.756557,XX,0.0422145,0.0291677,0.0262248
15.41832,73.752387,XX,0.0422145,0.0291677,0.0262248
15.436948,73.737599,XX,0.0483506,0.0330012,0.0294698
15.420599,73.747761,XX,0.0468166,0.0291677,0.0294698
15.417083,73.74932,XX,0.0422145,0.0291677,0.0197349
15.434234,73.737336,XX,0.0483506,0.0310844,0.0262248
15.433539,73.734265,XX,0.0468166,0.0330012,0.0262248
15.420094,73.754334,XX,0.0406805,0.0291677,0.0262248
15.41889,73.757276,XX,0.0437485,0.0310844,0.0262248
15.410783,73.762216,XX,0.0406805,0.0272509,0.0262248
15.420618,73.751116,XX,0.0468166,0.0330012,0.0262248
15.429594,73.755954,XX,0.0406805,0.0272509,0.0294698
15.424569,73.754447,XX,0.0422145,0.0272509,0.0262248
15.451837,73.806568,XX,0.0406805,0.0291677,0.0392047
15.432096,73.791584,XX,0.0406805,0.0272509,0.0294698
15.407366,73.757345,XX,0.0422145,0.0272509,0.0294698
15.428068,73.774135,XX,0.0406805,0.0253341,0.0262248
15.395582,73.759511,XX,0.0422145,0.0291677,0.0262248
15.416409,73.774343,XX,0.0422145,0.0272509,0.0262248
15.41025,73.813654,XX,0.0452826,0.0330012,0.0359597
15.448015,73.801837,XX,0.0422145,0.0272509,0.0327147
15.448042,73.806869,XX,0.0391465,0.0291677,0.0327147
15.409824,73.810162,XX,0.0452826,0.0310844,0.0294698
15.445376,73.815272,XX,0.0468166,0.034918,0.0359597
15.449273,73.808819,XX,0.0483506,0.034918,0.0327147
15.45539,73.81172,XX,0.0774971,0.092421,0.1852279
15.448845,73.804907,XX,0.0391465,0.0291677,0.0327147
15.419965,73.804933,XX,0.0468166,0.0368347,0.0327147
15.415507,73.807893,XX,0.0468166,0.034918,0.0294698
15.447483,73.803657,XX,0.0406805,0.0291677,0.0327147
15.450941,73.816498,XX,0.0406805,0.0330012,0.0392047
15.419732,73.811923,XX,0.0483506,0.0387515,0.0327147
15.420355,73.801716,XX,0.0468166,0.0330012,0.0294698
15.448191,73.809384,XX,0.0483506,0.0368347,0.0359597
15.44478,73.80535,XX,0.0422145,0.0291677,0.0327147
15.444629,73.802415,XX,0.0406805,0.0272509,0.0327147
15.448608,73.811199,XX,0.0452826,0.0368347,0.0359597
15.445603,73.807163,XX,0.0437485,0.0330012,0.0327147
15.418069,73.805363,XX,0.0468166,0.034918,0.0327147
15.418893,73.807315,XX,0.0483506,0.0368347,0.0327147
15.419311,73.809409,XX,0.0483506,0.034918,0.0294698
15.411713,73.808474,XX,0.0437485,0.0310844,0.0327147
15.411325,73.811971,XX,0.0437485,0.0310844,0.0327147
15.438726,73.814191,XX,0.0483506,0.034918,0.0327147
15.427328,73.812579,XX,0.0483506,0.0368347,0.0359597
15.463741,73.801327,XX,0.0468166,0.0387515,0.0424496
15.429112,73.816482,XX,0.0498846,0.0368347,0.0327147
15.42016,73.815974,XX,0.0514186,0.0387515,0.0294698
15.463727,73.79881,XX,0.0452826,0.034918,0.0359597
15.426796,73.814539,XX,0.0498846,0.0368347,0.0327147
15.424087,73.814973,XX,0.0498846,0.0406683,0.0327147
15.463835,73.793777,XX,0.0406805,0.0330012,0.0359597
15.441031,73.814178,XX,0.0468166,0.034918,0.0327147
15.463841,73.794895,XX,0.0422145,0.0330012,0.0359597
15.453426,73.799569,XX,0.0452826,0.0445018,0.1041039
15.452594,73.796079,XX,0.0422145,0.0272509,0.0327147
15.42748,73.815653,XX,0.0498846,0.0406683,0.0327147
15.413885,73.808881,XX,0.0468166,0.034918,0.0327147
15.424568,73.803509,XX,0.0452826,0.034918,0.0294698
15.42178,73.814707,XX,0.0514186,0.0406683,0.0359597
15.462967,73.783716,XX,0.0437485,0.0291677,0.0327147
15.464528,73.796569,XX,0.0437485,0.0330012,0.0392047
15.422315,73.813306,XX,0.0498846,0.0387515,0.0327147
15.426246,73.813004,XX,0.0498846,0.0406683,0.0359597
15.464418,73.801183,XX,0.0452826,0.034918,0.0392047
15.455573,73.795362,XX,0.0345444,0.0253341,0.0359597
15.464128,73.797829,XX,0.0452826,0.034918,0.0392047
15.45447,73.792014,XX,0.0422145,0.0291677,0.0294698
15.45511,73.78502,XX,0.0452826,0.0291677,0.0327147
15.465309,73.790553,XX,0.0422145,0.0310844,0.0359597
15.464793,73.795449,XX,0.0437485,0.0310844,0.0359597
15.46304,73.797137,XX,0.0468166,0.034918,0.0392047
15.461684,73.797144,XX,0.0437485,0.0368347,0.0392047
15.462916,73.799374,XX,0.0468166,0.0368347,0.0456946
15.457865,73.792973,XX,0.0391465,0.0310844,0.0359597
15.455836,73.793823,XX,0.0376124,0.0272509,0.0327147
15.462352,73.795323,XX,0.0452826,0.0330012,0.0359597
15.459199,73.78905,XX,0.0452826,0.0330012,0.0327147
15.464409,73.799505,XX,0.0468166,0.034918,0.0359597
15.453657,73.792018,XX,0.0437485,0.0291677,0.0327147
15.462098,73.7984,XX,0.0468166,0.034918,0.0392047
15.456071,73.787251,XX,0.0422145,0.0291677,0.0294698
15.454215,73.794951,XX,0.0391465,0.0272509,0.0327147
15.457285,73.786126,XX,0.0437485,0.034918,0.0327147
15.463305,73.796017,XX,0.0468166,0.034918,0.0392047
15.464907,73.791394,XX,0.0422145,0.0330012,0.0327147
15.433318,73.791996,XX,0.0391465,0.0272509,0.0327147
15.443585,73.81011,XX,0.0452826,0.0330012,0.0359597
15.439208,73.802866,XX,0.0406805,0.0253341,0.0294698
15.438062,73.791549,XX,0.0422145,0.0272509,0.0327147
15.441192,73.793768,XX,0.0406805,0.0291677,0.0327147
15.434034,73.798842,XX,0.0391465,0.0272509,0.0294698
15.42613,73.791618,XX,0.0391465,0.0272509,0.0294698
15.444576,73.79263,XX,0.0391465,0.0272509,0.0294698
15.429071,73.808934,XX,0.0452826,0.0291677,0.0327147
15.442971,73.796693,XX,0.0406805,0.0272509,0.0294698
15.429562,73.799287,XX,0.0422145,0.0272509,0.0327147
15.439376,73.808876,XX,0.0437485,0.0310844,0.0327147
15.426757,73.80727,XX,0.0483506,0.034918,0.0327147
15.464869,73.784404,XX,0.0422145,0.0310844,0.0294698
15.431314,73.797459,XX,0.0406805,0.0272509,0.0327147
15.443434,73.807175,XX,0.0452826,0.0330012,0.0294698
15.434801,73.79045,XX,0.0406805,0.0272509,0.0294698
15.435214,73.791426,XX,0.0422145,0.0253341,0.0294698
15.430625,73.795367,XX,0.0406805,0.0272509,0.0262248
15.44309,73.793757,XX,0.0406805,0.0253341,0.0262248
15.443131,73.801305,XX,0.0422145,0.0272509,0.0294698
15.435315,73.810157,XX,0.0498846,0.0368347,0.0327147
15.442876,73.804243,XX,0.0391465,0.0272509,0.0294698
15.43582,73.803304,XX,0.0391465,0.0291677,0.0294698
15.434557,73.795344,XX,0.0406805,0.0291677,0.0294698
15.441397,73.806488,XX,0.0406805,0.0291677,0.0294698
15.429519,73.791459,XX,0.0391465,0.0253341,0.0294698
15.431867,73.799413,XX,0.0406805,0.0291677,0.0294698
15.429528,73.793136,XX,0.0406805,0.0253341,0.0294698
15.427222,73.79287,XX,0.0422145,0.0272509,0.0262248
15.433542,73.80835,XX,0.0468166,0.0368347,0.0294698
15.436313,73.794076,XX,0.0422145,0.0253341,0.0294698
15.435263,73.800512,XX,0.0406805,0.0272509,0.0294698
15.428454,73.7951,XX,0.0406805,0.0272509,0.0262248
15.441645,73.802293,XX,0.0391465,0.0253341,0.0327147
15.440771,73.791114,XX,0.0422145,0.0272509,0.0262248
15.442943,73.791521,XX,0.0406805,0.0272509,0.0294698
15.431881,73.801929,XX,0.0422145,0.0310844,0.0327147
15.432309,73.805841,XX,0.0452826,0.034918,0.0327147
15.433646,73.802338,XX,0.0406805,0.0291677,0.0294698
15.43579,73.797713,XX,0.0406805,0.0253341,0.0294698
15.434749,73.805827,XX,0.0391465,0.0291677,0.0327147
15.39293,73.795025,XX,0.0422145,0.0310844,0.0359597
15.430677,73.805011,XX,0.0437485,0.0310844,0.0294698
15.437475,73.808467,XX,0.0437485,0.0330012,0.0327147
15.437437,73.801478,XX,0.0406805,0.0291677,0.0294698
15.393087,73.798937,XX,0.0437485,0.0310844,0.0392047
15.43124,73.808782,XX,0.0468166,0.0330012,0.0327147
15.394325,73.802284,XX,0.0514186,0.0521689,0.178738
15.393073,73.796421,XX,0.0422145,0.0310844,0.0359597
15.392832,73.802013,XX,0.0437485,0.0310844,0.0392047
15.438624,73.795181,XX,0.0406805,0.0272509,0.0294698
15.437053,73.805534,XX,0.0437485,0.0310844,0.0294698
15.394311,73.799629,XX,0.072895,0.1039216,0.1852279
15.393746,73.795579,XX,0.0406805,0.0330012,0.0424496
15.394488,73.782438,XX,0.0437485,0.0310844,0.0327147
15.393732,73.792924,XX,0.0406805,0.0368347,0.0554295
15.393489,73.798096,XX,0.0437485,0.0291677,0.0359597
15.393793,73.804244,XX,0.0575547,0.0445018,0.0456946
15.392692,73.801175,XX,0.0437485,0.0272509,0.0359597
15.395039,73.783972,XX,0.0437485,0.0310844,0.0327147
15.392575,73.80467,XX,0.0498846,0.0368347,0.0392047
15.393333,73.794324,XX,0.0452826,0.034918,0.0489395
15.434136,73.79283,XX,0.0422145,0.0272509,0.0294698
15.396538,73.785361,XX,0.0437485,0.0272509,0.0294698
15.440534,73.822708,XX,0.0483506,0.0368347,0.0359597
15.39287,73.784124,XX,0.0452826,0.0310844,0.0294698
15.438779,73.824116,XX,0.0483506,0.0368347,0.0359597
15.440144,73.825786,XX,0.0498846,0.0368347,0.0327147
15.393983,73.789149,XX,0.0437485,0.0291677,0.0294698
15.394615,73.78076,XX,0.0468166,0.0291677,0.0294698
15.39413,73.791244,XX,0.0498846,0.0464186,0.0651643
15.401298,73.787988,XX,0.0483506,0.0464186,0.0521845
15.392756,73.788038,XX,0.0452826,0.0291677,0.0294698
15.392782,73.792789,XX,0.0406805,0.0291677,0.0359597
15.396291,73.789695,XX,0.0437485,0.0291677,0.0359597
15.392774,73.791252,XX,0.0422145,0.0291677,0.0327147
15.43771,73.827058,XX,0.0498846,0.0387515,0.0327147
15.441104,73.827877,XX,0.0483506,0.034918,0.0359597
15.433588,73.816876,XX,0.0483506,0.0368347,0.0327147
15.442578,73.824654,XX,0.0498846,0.0368347,0.0359597
15.439079,73.829566,XX,0.0483506,0.0387515,0.0359597
15.443244,73.822273,XX,0.0483506,0.0368347,0.0359597
15.442415,73.819482,XX,0.0483506,0.034918,0.0392047
15.427514,73.822083,XX,0.0514186,0.0406683,0.0359597
15.45201,73.813557,XX,0.0406805,0.0291677,0.0359597
15.43874,73.816847,XX,0.0483506,0.0368347,0.0359597
15.434837,73.822321,XX,0.0498846,0.0387515,0.0327147
15.448029,73.829795,XX,0.0468166,0.0368347,0.0424496
15.427905,73.819005,XX,0.0498846,0.0406683,0.0327147
15.439842,73.820056,XX,0.0468166,0.0368347,0.0359597
15.42968,73.821372,XX,0.0498846,0.0406683,0.0359597
15.435912,73.820358,XX,0.0498846,0.0368347,0.0327147
15.434816,73.818267,XX,0.0483506,0.0387515,0.0294698
15.45115,73.830337,XX,0.0452826,0.034918,0.0392047
15.445858,73.829528,XX,0.0498846,0.0387515,0.0392047
15.437799,73.81839,XX,0.0483506,0.0368347,0.0359597
15.431968,73.818283,XX,0.0498846,0.0368347,0.0359597
15.429097,73.813687,XX,0.0483506,0.0387515,0.0327147
15.436567,73.816161,XX,0.0483506,0.0406683,0.0327147
15.441453,73.817111,XX,0.0468166,0.034918,0.0359597
15.436688,73.813364,XX,0.0498846,0.0368347,0.0327147
15.434796,73.814633,XX,0.0483506,0.0387515,0.0359597
15.429666,73.818716,XX,0.0498846,0.0387515,0.0359597
15.433331,73.819534,XX,0.0498846,0.0406683,0.0359597
15.437816,73.821465,XX,0.0483506,0.0387515,0.0359597
15.397895,73.761035,XX,0.0422145,0.0272509,0.0262248
15.453641,73.789083,XX,0.0452826,0.0310844,0.0327147
15.458793,73.789053,XX,0.0437485,0.0330012,0.0359597
15.457711,73.789618,XX,0.0437485,0.0310844,0.0327147
15.452559,73.789648,XX,0.0437485,0.0291677,0.0294698
15.454325,73.790197,XX,0.0437485,0.0310844,0.0327147
15.455135,73.789633,XX,0.0422145,0.0272509,0.0294698
15.43195,73.814789,XX,0.0498846,0.0368347,0.0327147
15.452404,73.786154,XX,0.0437485,0.0310844,0.0294698
15.461065,73.783168,XX,0.0422145,0.0310844,0.0327147
15.461737,73.782045,XX,0.0422145,0.0291677,0.0294698
15.455923,73.784875,XX,0.0452826,0.0310844,0.0294698
15.455504,73.782781,XX,0.0422145,0.0310844,0.0359597
15.423863,73.77374,XX,0.0422145,0.0253341,0.0262248
15.430249,73.751897,XX,0.0437485,0.0291677,0.0294698
15.411113,73.772837,XX,0.0437485,0.0310844,0.0327147
15.408536,73.772712,XX,0.0452826,0.0291677,0.0262248
15.406379,73.774961,XX,0.0468166,0.0330012,0.0294698
15.41396,73.77282,XX,0.0452826,0.0310844,0.0262248
15.410836,73.77186,XX,0.0422145,0.0272509,0.0327147
15.42288,73.743415,XX,0.0468166,0.0330012,0.0262248
15.43566,73.749628,XX,0.0452826,0.0310844,0.0294698
15.437003,73.747383,XX,0.0452826,0.0291677,0.0262248
15.409883,73.771167,XX,0.0437485,0.0310844,0.0294698
15.425313,73.742142,XX,0.0452826,0.0310844,0.0229798
15.405825,73.772868,XX,0.0452826,0.0330012,0.0327147
15.397145,73.772499,XX,0.0437485,0.0310844,0.0294698
15.423312,73.747885,XX,0.0483506,0.0310844,0.0262248
15.43259,73.758313,XX,0.0422145,0.0253341,0.0262248
15.403791,73.77274,XX,0.0452826,0.0330012,0.0327147
15.427414,73.754011,XX,0.0422145,0.0272509,0.0262248
15.411374,73.771018,XX,0.0437485,0.0291677,0.0262248
15.433638,73.751737,XX,0.0437485,0.0291677,0.0262248
15.428608,73.749391,XX,0.0468166,0.0291677,0.0262248
15.424548,73.750673,XX,0.0452826,0.0291677,0.0294698
15.457142,73.736218,XX,0.0514186,0.0330012,0.0262248
15.406131,73.754836,XX,0.0422145,0.0272509,0.0262248
15.395969,73.756015,XX,0.0406805,0.0272509,0.0262248
15.412911,73.754796,XX,0.0437485,0.0291677,0.0294698
15.400463,73.735443,XX,0.0483506,0.0310844,0.0229798
15.395347,73.741903,XX,0.0437485,0.0272509,0.0262248
15.446371,73.749564,XX,0.0437485,0.0272509,0.0294698
15.408979,73.754959,XX,0.0437485,0.0291677,0.0262248
15.41003,73.748803,XX,0.0437485,0.0310844,0.0262248
15.41671,73.755332,XX,0.0452826,0.0291677,0.0262248
15.407681,73.74113,XX,0.0468166,0.0291677,0.0262248
15.412403,73.760949,XX,0.0422145,0.0234174,0.0262248
15.440353,73.740374,XX,0.0468166,0.0310844,0.0229798
15.461989,73.730317,XX,0.0514186,0.0330012,0.0262248
15.417139,73.759243,XX,0.0422145,0.0291677,0.0262248
15.397662,73.743566,XX,0.0437485,0.0272509,0.0229798
15.393084,73.749324,XX,0.0422145,0.0291677,0.0197349
15.407392,73.761957,XX,0.0422145,0.0310844,0.0262248
15.400308,73.73195,XX,0.0468166,0.0330012,0.0262248
15.443784,73.747762,XX,0.0468166,0.0291677,0.0262248
15.40998,73.739998,XX,0.0468166,0.0310844,0.0229798
15.393254,73.755472,XX,0.0406805,0.0272509,0.0262248
15.443088,73.744551,XX,0.0468166,0.0291677,0.0262248
15.459981,73.734803,XX,0.0529527,0.0330012,0.0229798
15.462035,73.738426,XX,0.0514186,0.034918,0.0262248
15.464214,73.73995,XX,0.0498846,0.0330012,0.0294698
15.452823,73.73974,XX,0.0483506,0.0291677,0.0197349
15.463089,73.732967,XX,0.0514186,0.0330012,0.0262248
15.453195,73.733586,XX,0.0498846,0.0330012,0.0262248
15.450498,73.736259,XX,0.0498846,0.0310844,0.0262248
15.459699,73.732848,XX,0.0514186,0.0330012,0.0262248
15.449976,73.739757,XX,0.0483506,0.0310844,0.0262248
15.459199,73.74026,XX,0.0514186,0.0310844,0.0262248
15.464195,73.736735,XX,0.0529527,0.034918,0.0229798
15.462019,73.73549,XX,0.0529527,0.034918,0.0294698
15.451555,73.73136,XX,0.0498846,0.0330012,0.0262248
15.441482,73.748195,XX,0.0452826,0.0291677,0.0262248
15.445916,73.741039,XX,0.0483506,0.0291677,0.0262248
15.440927,73.745962,XX,0.0452826,0.0291677,0.0262248
15.459177,73.736486,XX,0.0514186,0.0310844,0.0262248
15.460834,73.741648,XX,0.0498846,0.0330012,0.0294698
15.441497,73.750851,XX,0.0422145,0.0272509,0.0262248
15.456039,73.73301,XX,0.0498846,0.0330012,0.0262248
15.446314,73.838892,XX,0.0483506,0.0387515,0.0424496
15.427268,73.801397,XX,0.0422145,0.0291677,0.0262248
15.423309,73.796387,XX,0.0437485,0.0310844,0.0294698
15.448267,73.79834,XX,0.0422145,0.0291677,0.0327147
15.449827,73.836496,XX,0.0468166,0.0387515,0.0456946
15.448791,73.794842,XX,0.0422145,0.0310844,0.0327147
15.464897,73.740925,XX,0.0498846,0.034918,0.0262248
15.446477,73.793178,XX,0.0406805,0.0291677,0.0294698
15.445271,73.821144,XX,0.0468166,0.0368347,0.0327147
15.424513,73.793445,XX,0.0422145,0.0291677,0.0294698
15.424268,73.798199,XX,0.0452826,0.0310844,0.0294698
15.42739,73.79888,XX,0.0437485,0.0291677,0.0327147
15.446332,73.791502,XX,0.0422145,0.0272509,0.0294698
15.441992,73.742461,XX,0.0452826,0.0291677,0.0262248
15.448225,73.741864,XX,0.0483506,0.0310844,0.0262248
15.447968,73.79317,XX,0.0406805,0.0291677,0.0327147
15.445898,73.837077,XX,0.0452826,0.034918,0.0359597
15.444995,73.794864,XX,0.0391465,0.0253341,0.0327147
15.449075,73.797217,XX,0.0406805,0.0291677,0.0327147
15.449179,73.791485,XX,0.0422145,0.0272509,0.0294698
15.446893,73.794853,XX,0.0391465,0.0272509,0.0327147
15.44914,73.834822,XX,0.0468166,0.0387515,0.0456946
15.445758,73.810656,XX,0.0468166,0.034918,0.0327147
15.419452,73.835966,XX,0.0514186,0.042585,0.0327147
15.428933,73.833956,XX,0.0529527,0.042585,0.0327147
15.44779,73.835948,XX,0.0498846,0.0387515,0.0424496
15.427962,73.804328,XX,0.0422145,0.0310844,0.0327147
15.444708,73.842955,XX,0.0498846,0.0368347,0.0392047
15.453208,73.809356,XX,0.0422145,0.0310844,0.0392047
15.444953,73.812339,XX,0.0468166,0.034918,0.0359597
15.443334,73.839467,XX,0.0483506,0.034918,0.0392047
15.447956,73.790933,XX,0.0422145,0.0291677,0.0294698
15.454585,73.813262,XX,0.0483506,0.034918,0.0424496
15.426772,73.810066,XX,0.0483506,0.0330012,0.0294698
15.449185,73.792603,XX,0.0406805,0.0291677,0.0359597
15.421794,73.842942,XX,0.0529527,0.0406683,0.0327147
15.438169,73.811399,XX,0.0452826,0.0330012,0.0327147
15.446054,73.84099,XX,0.0468166,0.0387515,0.0424496
15.454432,73.810048,XX,0.0437485,0.042585,0.0651643
15.452678,73.811596,XX,0.0406805,0.0272509,0.0392047
15.441145,73.810124,XX,0.0422145,0.0310844,0.0359597
15.425142,73.809516,XX,0.0483506,0.0387515,0.0294698
15.424345,73.838175,XX,0.0529527,0.042585,0.0327147
15.420425,73.840573,XX,0.0498846,0.0406683,0.0359597
15.422123,73.828263,XX,0.0529527,0.0464186,0.0359597
15.421269,73.82058,XX,0.0514186,0.0387515,0.0327147
15.423811,73.839855,XX,0.0514186,0.0406683,0.0327147
15.424096,73.84251,XX,0.0514186,0.0387515,0.0359597
15.414064,73.842705,XX,0.0498846,0.042585,0.0359597
15.421929,73.817082,XX,0.0514186,0.042585,0.0327147
15.421997,73.830081,XX,0.0544867,0.0445018,0.0327147
15.420893,73.826313,XX,0.0529527,0.0445018,0.0327147
15.421052,73.830785,XX,0.0529527,0.0445018,0.0327147
15.422324,73.840563,XX,0.0498846,0.0406683,0.0359597
15.419211,73.841698,XX,0.0498846,0.042585,0.0359597
15.424155,73.827833,XX,0.0529527,0.0464186,0.0359597
15.415277,73.841301,XX,0.0483506,0.042585,0.0359597
15.422922,73.825463,XX,0.0529527,0.0445018,0.0359597
15.421769,73.838189,XX,0.0544867,0.0445018,0.0359597
15.417039,73.841151,XX,0.0498846,0.0387515,0.0359597
15.422686,73.832034,XX,0.0514186,0.0445018,0.0327147
15.420471,73.82352,XX,0.0529527,0.0445018,0.0359597
15.414049,73.83991,XX,0.0483506,0.0387515,0.0392047
15.412293,73.841177,XX,0.0483506,0.0406683,0.0359597
15.424866,73.834119,XX,0.0529527,0.0445018,0.0392047
15.422287,73.833574,XX,0.0514186,0.0445018,0.0359597
15.425741,73.820136,XX,0.0529527,0.0387515,0.0327147
15.42223,73.822811,XX,0.0544867,0.042585,0.0327147
15.419822,73.828975,XX,0.0514186,0.0464186,0.0327147
15.420118,73.833586,XX,0.0498846,0.042585,0.0327147
15.425769,73.825447,XX,0.0544867,0.042585,0.0359597
15.426088,73.834531,XX,0.0544867,0.042585,0.0327147
15.423298,73.81959,XX,0.0514186,0.0406683,0.0327147
15.422167,73.83665,XX,0.0514186,0.042585,0.0359597
15.423255,73.837203,XX,0.0529527,0.0406683,0.0359597
15.424856,73.832162,XX,0.0514186,0.0483353,0.0327147
15.423787,73.835243,XX,0.0514186,0.042585,0.0359597
15.419579,73.834288,XX,0.0514186,0.0445018,0.0327147
15.421868,73.83134,XX,0.0529527,0.042585,0.0327147
15.424642,73.817346,XX,0.0514186,0.0406683,0.0392047
15.421212,73.835397,XX,0.0514186,0.0445018,0.0327147
15.423239,73.834128,XX,0.0529527,0.0445018,0.0327147
15.419766,73.818352,XX,0.0514186,0.0406683,0.0327147
15.424671,73.822798,XX,0.0529527,0.0406683,0.0327147
15.423762,73.830491,XX,0.0529527,0.0464186,0.0327147
15.407274,73.814929,XX,0.0498846,0.034918,0.0359597
15.417147,73.835979,XX,0.0483506,0.042585,0.0359597
15.421199,73.833021,XX,0.0514186,0.042585,0.0359597
15.404333,73.822912,XX,0.0560207,0.0598359,0.1300636
15.402638,73.810203,XX,0.0468166,0.0368347,0.0424496
15.402365,73.809785,XX,0.0452826,0.0368347,0.0424496
15.399275,73.789957,XX,0.0391465,0.0310844,0.0327147
15.403864,73.811174,XX,0.0468166,0.034918,0.0392047
15.406654,73.825974,XX,0.0498846,0.0368347,0.0424496
15.402238,73.811323,XX,0.0452826,0.034918,0.0424496
15.405644,73.814379,XX,0.0483506,0.0368347,0.0392047
15.406707,73.810459,XX,0.0452826,0.034918,0.0359597
15.403993,73.810056,XX,0.0483506,0.034918,0.0392047
15.40046,73.808538,XX,0.0468166,0.0387515,0.0489395
15.405298,73.825982,XX,0.0452826,0.0368347,0.0424496
15.408947,73.823585,XX,0.0483506,0.0406683,0.0392047
15.401554,73.810209,XX,0.0468166,0.0368347,0.0392047
15.408007,73.825407,XX,0.0483506,0.0387515,0.0424496
15.40674,73.816609,XX,0.0468166,0.034918,0.0424496
15.408266,73.82317,XX,0.0498846,0.0406683,0.0456946
15.405652,73.816056,XX,0.0483506,0.0368347,0.0424496
15.407187,73.824154,XX,0.0498846,0.0387515,0.0456946
15.407755,73.829043,XX,0.0483506,0.0387515,0.0392047
15.419058,73.838344,XX,0.0529527,0.0406683,0.0359597
15.419292,73.831214,XX,0.0529527,0.042585,0.0327147
15.410344,73.831404,XX,0.0514186,0.0387515,0.0359597
15.410561,73.8212,XX,0.0498846,0.0368347,0.0359597
15.412136,73.837125,XX,0.0498846,0.0387515,0.0392047
15.406526,73.827372,XX,0.0483506,0.0368347,0.0392047
15.403816,73.827807,XX,0.0468166,0.0406683,0.0456946
15.406138,73.830869,XX,0.0468166,0.0387515,0.0456946
15.408213,73.813106,XX,0.0468166,0.0310844,0.0359597
15.416221,73.814738,XX,0.0498846,0.0387515,0.0327147
15.414327,73.815448,XX,0.0483506,0.0387515,0.0327147
15.418259,73.815426,XX,0.0498846,0.0387515,0.0359597
15.420271,73.83708,XX,0.0498846,0.042585,0.0359597
15.405709,73.826678,XX,0.0468166,0.0368347,0.0424496
15.416209,73.812502,XX,0.0498846,0.0368347,0.0294698
15.414721,73.81307,XX,0.0498846,0.0368347,0.0327147
15.418891,73.832475,XX,0.0498846,0.0445018,0.0359597
15.413892,73.835717,XX,0.0514186,0.0445018,0.0359597
15.409406,73.833506,XX,0.0498846,0.0387515,0.0359597
15.408723,73.832531,XX,0.0483506,0.0387515,0.0392047
15.416169,73.804954,XX,0.0452826,0.0330012,0.0327147
15.415089,73.805799,XX,0.0452826,0.0310844,0.0327147
15.414848,73.811392,XX,0.0468166,0.0368347,0.0327147
15.421312,73.803248,XX,0.0483506,0.0368347,0.0294698
15.421463,73.806042,XX,0.0514186,0.0387515,0.0294698
15.42052,73.807166,XX,0.0498846,0.0387515,0.0294698
15.409719,73.815893,XX,0.0483506,0.0368347,0.0359597
15.418062,73.803965,XX,0.0468166,0.0330012,0.0294698
15.415923,73.809568,XX,0.0468166,0.0368347,0.0327147
15.412663,73.808469,XX,0.0452826,0.0291677,0.0294698
15.413874,73.806785,XX,0.0437485,0.0310844,0.0359597
15.412958,73.81308,XX,0.0468166,0.034918,0.0327147
15.417975,73.813051,XX,0.0498846,0.0368347,0.0327147
15.421087,73.811915,XX,0.0498846,0.0387515,0.0327147
15.417679,73.80844,XX,0.0483506,0.034918,0.0327147
15.417421,73.810818,XX,0.0483506,0.0368347,0.0327147
15.416856,73.806628,XX,0.0498846,0.0368347,0.0294698
15.419196,73.813184,XX,0.0483506,0.0387515,0.0359597
15.419821,73.803256,XX,0.0483506,0.0330012,0.0294698
15.420939,73.80954,XX,0.0498846,0.0387515,0.0327147
15.420554,73.813596,XX,0.0498846,0.0406683,0.0327147
15.393753,73.796837,XX,0.0406805,0.0330012,0.0456946
15.450075,73.806578,XX,0.0406805,0.0291677,0.0359597
15.437387,73.843135,XX,0.0498846,0.0406683,0.0359597
15.392977,73.803689,XX,0.0452826,0.0330012,0.0456946
15.442268,73.842968,XX,0.0498846,0.0406683,0.0392047
15.394286,73.795157,XX,0.0514186,0.0655862,0.1105938
15.393647,73.802288,XX,0.0452826,0.0310844,0.0392047
15.410802,73.841325,XX,0.0514186,0.0464186,0.0392047
15.410129,73.842168,XX,0.0483506,0.0368347,0.0392047
15.410269,73.843006,XX,0.0483506,0.0406683,0.0392047
15.448642,73.843212,XX,0.0483506,0.0406683,0.0489395
15.393633,73.799772,XX,0.0391465,0.0310844,0.0586744
15.394046,73.800888,XX,0.0468166,0.0636695,0.1041039
15.392944,73.79768,XX,0.0437485,0.0310844,0.0359597
15.410926,73.838949,XX,0.0498846,0.0445018,0.0392047
15.417434,73.838912,XX,0.0498846,0.0445018,0.0359597
15.441049,73.843255,XX,0.0483506,0.0406683,0.0424496
15.417726,73.842964,XX,0.0498846,0.042585,0.0327147
15.41858,73.824789,XX,0.0498846,0.042585,0.0327147
15.394201,73.804381,XX,0.0805651,0.100088,0.1138388
15.394302,73.797952,XX,0.0636909,0.0847539,0.1690031
15.417914,73.827169,XX,0.0529527,0.042585,0.0327147
15.412324,73.82133,XX,0.0483506,0.0368347,0.0392047
15.411286,73.830141,XX,0.0514186,0.042585,0.0359597
15.41489,73.819358,XX,0.0498846,0.0387515,0.0392047
15.418697,73.821294,XX,0.0498846,0.0406683,0.0359597
15.414774,73.822993,XX,0.0498846,0.0406683,0.0327147
15.41395,73.821041,XX,0.0498846,0.0368347,0.0327147
15.412336,73.823566,XX,0.0483506,0.0406683,0.0359597
15.411043,73.835454,XX,0.0498846,0.0406683,0.0392047
15.4176,73.818924,XX,0.0514186,0.0387515,0.0327147
15.41556,73.817817,XX,0.0498846,0.0387515,0.0359597
15.410624,73.83308,XX,0.0498846,0.0387515,0.0392047
15.416007,73.825362,XX,0.0498846,0.0387515,0.0359597
15.416943,73.822981,XX,0.0514186,0.042585,0.0359597
15.417003,73.834302,XX,0.0514186,0.0387515,0.0359597
15.410645,73.837133,XX,0.0483506,0.042585,0.0392047
15.418362,73.834854,XX,0.0529527,0.042585,0.0359597
15.415924,73.835427,XX,0.0483506,0.0445018,0.0327147
15.411363,73.818959,XX,0.0483506,0.0330012,0.0327147
15.414965,73.833615,XX,0.0498846,0.0406683,0.0359597
15.415846,73.820611,XX,0.0514186,0.0387515,0.0327147
15.412528,73.834187,XX,0.0514186,0.0406683,0.0359597
15.406806,73.778592,XX,0.0468166,0.0330012,0.0359597
15.407761,73.779705,XX,0.0452826,0.034918,0.0327147
15.398252,73.776406,XX,0.0437485,0.0291677,0.0294698
15.417385,73.829548,XX,0.0514186,0.042585,0.0359597
15.415763,73.830675,XX,0.0514186,0.0445018,0.0359597
15.409255,73.780115,XX,0.0452826,0.0310844,0.0294698
15.412633,73.828456,XX,0.0514186,0.0406683,0.0359597
15.412516,73.831951,XX,0.0498846,0.042585,0.0359597
15.417945,73.833039,XX,0.0514186,0.0387515,0.0327147
15.416587,73.832488,XX,0.0514186,0.0387515,0.0327147
15.413999,73.830405,XX,0.0498846,0.0406683,0.0359597
15.417529,73.831224,XX,0.0498846,0.0387515,0.0327147
15.413973,73.825374,XX,0.0514186,0.042585,0.0359597
15.410712,73.824134,XX,0.0498846,0.0387515,0.0392047
15.410618,73.781505,XX,0.0452826,0.0310844,0.0327147
15.414528,73.827747,XX,0.0498846,0.0406683,0.0359597
15.411809,73.826504,XX,0.0498846,0.0406683,0.0359597
15.426603,73.778896,XX,0.0406805,0.0272509,0.0294698
15.416023,73.828437,XX,0.0514186,0.0406683,0.0327147
15.41536,73.780918,XX,0.0452826,0.0291677,0.0294698
15.414669,73.778546,XX,0.0406805,0.0272509,0.0327147
15.402479,73.780854,XX,0.0437485,0.0291677,0.0327147
15.400621,73.788132,XX,0.0422145,0.0330012,0.0359597
15.399674,73.788557,XX,0.0437485,0.0310844,0.0359597
15.426321,73.776941,XX,0.0406805,0.0272509,0.0294698
15.406524,73.776777,XX,0.0437485,0.0310844,0.0262248
15.426068,73.780297,XX,0.0406805,0.0272509,0.0294698
15.424287,73.776953,XX,0.0422145,0.0272509,0.0294698
15.412076,73.775487,XX,0.0452826,0.0291677,0.0294698
15.413979,73.776314,XX,0.0437485,0.0291677,0.0294698
15.404243,73.781123,XX,0.0468166,0.0310844,0.0294698
15.399607,73.776258,XX,0.0468166,0.0291677,0.0294698
15.400611,73.786315,XX,0.0422145,0.0291677,0.0359597
15.404757,73.775809,XX,0.0452826,0.0310844,0.0294698
15.410872,73.778429,XX,0.0437485,0.0291677,0.0294698
15.408825,73.775925,XX,0.0468166,0.0330012,0.0294698
15.412497,73.778,XX,0.0437485,0.0291677,0.0294698
15.413995,73.779249,XX,0.0437485,0.0291677,0.0294698
15.42552,73.779182,XX,0.0406805,0.0272509,0.0262248
15.410454,73.776335,XX,0.0452826,0.0310844,0.0294698
15.399925,73.784782,XX,0.0422145,0.0291677,0.0294698
15.410473,73.779689,XX,0.0437485,0.0310844,0.0294698
15.40788,73.776629,XX,0.0452826,0.0310844,0.0294698
15.40951,73.777319,XX,0.0452826,0.0291677,0.0294698
15.404366,73.778746,XX,0.0468166,0.0330012,0.0294698
15.401519,73.778763,XX,0.0452826,0.0310844,0.0294698
15.405592,73.779857,XX,0.0452826,0.0330012,0.0327147
15.409531,73.781092,XX,0.0468166,0.0310844,0.0294698
15.410613,73.780527,XX,0.0437485,0.0310844,0.0294698
15.412643,73.779816,XX,0.0452826,0.0291677,0.0327147
15.411013,73.779266,XX,0.0437485,0.0310844,0.0327147
15.40639,73.777057,XX,0.0437485,0.0291677,0.0327147
15.409249,73.779137,XX,0.0437485,0.0310844,0.0294698
15.400718,73.781143,XX,0.0452826,0.0291677,0.0327147
15.411965,73.77982,XX,0.0452826,0.0330012,0.0262248
15.458679,73.744317,XX,0.0483506,0.0310844,0.0262248
15.464184,73.78315,XX,0.0422145,0.0291677,0.0327147
15.407083,73.779709,XX,0.0483506,0.0310844,0.0294698
15.40287,73.777916,XX,0.0468166,0.0310844,0.0262248
15.411972,73.781078,XX,0.0452826,0.0310844,0.0294698
15.413864,73.779949,XX,0.0437485,0.0291677,0.0327147
15.407088,73.780547,XX,0.0468166,0.0330012,0.0294698
15.407892,73.778865,XX,0.0452826,0.0330012,0.0294698
15.405448,73.778181,XX,0.0437485,0.0310844,0.0294698
15.464381,73.745541,XX,0.0452826,0.0310844,0.0294698
15.464403,73.773642,XX,0.0422145,0.0310844,0.0294698
15.45994,73.775765,XX,0.0437485,0.0291677,0.0294698
15.464416,73.751692,XX,0.0437485,0.0291677,0.0294698
15.4613,73.776456,XX,0.0437485,0.0310844,0.0327147
15.46011,73.782055,XX,0.0437485,0.0330012,0.0327147
15.461828,73.773936,XX,0.0437485,0.0291677,0.0294698
15.461325,73.781069,XX,0.0437485,0.0310844,0.0294698
15.459423,73.780381,XX,0.0437485,0.0291677,0.0294698
15.464397,73.748337,XX,0.0437485,0.0291677,0.0294698
15.46399,73.772665,XX,0.0452826,0.0291677,0.0262248
15.464318,73.758404,XX,0.0437485,0.0291677,0.0327147
15.462269,73.780085,XX,0.0422145,0.0272509,0.0294698
15.451554,73.779449,XX,0.0437485,0.0291677,0.0294698
15.461464,73.781628,XX,0.0452826,0.0291677,0.0294698
15.459957,73.77884,XX,0.0452826,0.0272509,0.0294698
15.461696,73.774636,XX,0.0437485,0.0291677,0.0294698
15.464377,73.769028,XX,0.0437485,0.0291677,0.0294698
15.464493,73.765533,XX,0.0437485,0.0291677,0.0294698
15.464024,73.778677,XX,0.0422145,0.0272509,0.0294698
15.458882,73.780524,XX,0.0422145,0.0272509,0.0294698
15.432343,73.787109,XX,0.0406805,0.0272509,0.0294698
15.435692,73.779681,XX,0.0422145,0.0272509,0.0327147
15.446399,73.77892,XX,0.0452826,0.0291677,0.0262248
15.446431,73.784791,XX,0.0468166,0.0291677,0.0327147
15.46361,73.777421,XX,0.0422145,0.0291677,0.0294698
15.435158,73.781362,XX,0.0422145,0.0291677,0.0294698
15.429777,73.788942,XX,0.0391465,0.0291677,0.0327147
15.441938,73.781462,XX,0.0452826,0.0272509,0.0294698
15.437875,73.782185,XX,0.0437485,0.0291677,0.0327147
15.433805,73.781789,XX,0.0406805,0.0253341,0.0294698
15.446306,73.786749,XX,0.0468166,0.0291677,0.0294698
15.435744,73.789187,XX,0.0422145,0.0291677,0.0294698
15.437862,73.779948,XX,0.0437485,0.0272509,0.0294698
15.436918,73.780793,XX,0.0422145,0.0291677,0.0327147
15.463055,73.775187,XX,0.0437485,0.0291677,0.0262248
15.442917,73.786768,XX,0.0406805,0.0272509,0.0327147
15.433122,73.780954,XX,0.0422145,0.0272509,0.0262248
15.446573,73.785908,XX,0.0437485,0.0291677,0.0294698
15.441419,73.785659,XX,0.0437485,0.0291677,0.0327147
15.447927,73.785621,XX,0.0468166,0.0291677,0.0294698
15.462506,73.773932,XX,0.0452826,0.0291677,0.0294698
15.462752,73.769457,XX,0.0452826,0.0291677,0.0262248
15.430994,73.788375,XX,0.0422145,0.0291677,0.0262248
15.441928,73.779645,XX,0.0437485,0.0291677,0.0294698
15.439494,73.780777,XX,0.0437485,0.0291677,0.0327147
15.418379,73.78747,XX,0.0406805,0.0253341,0.0294698
15.438591,73.78917,XX,0.0406805,0.0291677,0.0294698
15.438553,73.782181,XX,0.0452826,0.0291677,0.0262248
15.44559,73.779763,XX,0.0468166,0.0310844,0.0262248
15.41701,73.785102,XX,0.0437485,0.0272509,0.0294698
15.439355,73.780079,XX,0.0422145,0.0272509,0.0327147
15.417578,73.789711,XX,0.0468166,0.0330012,0.0327147
15.443555,73.779635,XX,0.0422145,0.0310844,0.0327147
15.442899,73.783553,XX,0.0422145,0.0291677,0.0327147
15.440723,73.782308,XX,0.0452826,0.0291677,0.0294698
15.436655,73.782332,XX,0.0422145,0.0291677,0.0294698
15.445329,73.781722,XX,0.0437485,0.0291677,0.0327147
15.427874,73.788114,XX,0.0391465,0.0253341,0.0294698
15.444143,73.78788,XX,0.0406805,0.0272509,0.0327147
15.447234,73.782829,XX,0.0452826,0.0291677,0.0294698
15.442523,73.789147,XX,0.0422145,0.0291677,0.0327147
15.443725,73.785785,XX,0.0422145,0.0310844,0.0327147
15.442482,73.781739,XX,0.0437485,0.0291677,0.0327147
15.433767,73.77494,XX,0.0422145,0.0272509,0.0262248
15.46336,73.781197,XX,0.0422145,0.0291677,0.0294698
15.443842,73.78243,XX,0.0437485,0.0291677,0.0294698
15.446013,73.782696,XX,0.0437485,0.0310844,0.0294698
15.446694,73.783252,XX,0.0452826,0.0330012,0.0327147
15.463488,73.779938,XX,0.0422145,0.0310844,0.0294698
15.455547,73.74182,XX,0.0498846,0.0310844,0.0262248
15.445756,73.785354,XX,0.0437485,0.0310844,0.0327147
15.433089,73.774804,XX,0.0422145,0.0291677,0.0294698
15.434026,73.772702,XX,0.0422145,0.0272509,0.0294698
15.441884,73.771537,XX,0.0422145,0.0291677,0.0294698
15.443704,73.757548,XX,0.0422145,0.0272509,0.0262248
15.43344,73.789479,XX,0.0422145,0.0291677,0.0262248
15.464694,73.777275,XX,0.0422145,0.0291677,0.0294698
15.445354,73.786195,XX,0.0437485,0.0330012,0.0327147
15.432806,73.772709,XX,0.0422145,0.0272509,0.0294698
15.444381,73.781867,XX,0.0437485,0.0291677,0.0294698
15.438149,73.782742,XX,0.0437485,0.0310844,0.0262248
15.435892,73.76696,XX,0.0406805,0.0291677,0.0294698
15.432527,73.771313,XX,0.0422145,0.0272509,0.0294698
15.434283,73.770045,XX,0.0422145,0.0272509,0.0294698
15.463076,73.778962,XX,0.0422145,0.0310844,0.0294698
15.432548,73.775087,XX,0.0437485,0.0272509,0.0262248
15.450462,73.778057,XX,0.0437485,0.0291677,0.0294698
15.444207,73.774879,XX,0.0452826,0.0291677,0.0262248
15.444718,73.769284,XX,0.0422145,0.0291677,0.0294698
15.456103,73.744193,XX,0.0498846,0.0330012,0.0294698
15.442984,73.774327,XX,0.0437485,0.0310844,0.0294698
15.434142,73.744884,XX,0.0468166,0.0272509,0.0262248
15.457889,73.748376,XX,0.0437485,0.0310844,0.0327147
15.454894,73.746297,XX,0.0468166,0.0310844,0.0262248
15.443001,73.777402,XX,0.0437485,0.0291677,0.0294698
15.460328,73.748082,XX,0.0452826,0.0310844,0.0294698
15.464715,73.781189,XX,0.0437485,0.0291677,0.0294698
15.46512,73.780767,XX,0.0422145,0.0310844,0.0294698
15.439889,73.778539,XX,0.0422145,0.0310844,0.0294698
15.447156,73.744527,XX,0.0452826,0.0310844,0.0262248
15.453736,73.781813,XX,0.0437485,0.0291677,0.0327147
15.443236,73.770831,XX,0.0437485,0.0291677,0.0262248
15.457854,73.742225,XX,0.0514186,0.0330012,0.0262248
15.436632,73.778138,XX,0.0452826,0.0310844,0.0294698
15.451623,73.743242,XX,0.0483506,0.0310844,0.0294698
15.449863,73.743672,XX,0.0452826,0.0310844,0.0294698
15.447442,73.771365,XX,0.0422145,0.0291677,0.0327147
15.448021,73.778072,XX,0.0452826,0.0272509,0.0262248
15.450038,73.774984,XX,0.0422145,0.0272509,0.0294698
15.448684,73.775412,XX,0.0422145,0.0272509,0.0294698
15.448936,73.771915,XX,0.0422145,0.0272509,0.0294698
15.450572,73.773583,XX,0.0406805,0.0291677,0.0294698
15.448653,73.76982,XX,0.0406805,0.0272509,0.0294698
15.449218,73.773871,XX,0.0422145,0.0310844,0.0294698
15.449369,73.776666,XX,0.0422145,0.0272509,0.0262248
15.444877,73.773477,XX,0.0437485,0.0291677,0.0294698
15.447741,73.776536,XX,0.0468166,0.0310844,0.0294698
15.450017,73.77121,XX,0.0437485,0.0291677,0.0294698
15.443243,73.772228,XX,0.0437485,0.0310844,0.0327147
15.4487,73.778207,XX,0.0437485,0.0291677,0.0294698
15.448966,73.777227,XX,0.0437485,0.0272509,0.0294698
15.450045,73.776242,XX,0.0437485,0.0272509,0.0294698
15.450992,73.775817,XX,0.0422145,0.0272509,0.0262248
15.448027,73.77919,XX,0.0452826,0.0310844,0.0294698
15.444763,73.777252,XX,0.0437485,0.0310844,0.0327147
15.448134,73.773877,XX,0.0422145,0.0310844,0.0327147
15.449189,73.768559,XX,0.0422145,0.0272509,0.0294698
15.449387,73.779881,XX,0.0437485,0.0291677,0.0262248
15.403236,73.770507,XX,0.0468166,0.0310844,0.0327147
15.44668,73.780736,XX,0.0468166,0.0310844,0.0294698
15.446661,73.777381,XX,0.0452826,0.0310844,0.0262248
15.448689,73.77625,XX,0.0437485,0.0272509,0.0294698
15.447217,73.779754,XX,0.0452826,0.0310844,0.0327147
15.444212,73.775717,XX,0.0452826,0.0310844,0.0294698
15.450847,73.774141,XX,0.0406805,0.0272509,0.0262248
15.447704,73.769686,XX,0.0422145,0.0272509,0.0294698
15.444216,73.776416,XX,0.0452826,0.0291677,0.0294698
15.445687,73.772773,XX,0.0437485,0.0291677,0.0327147
15.447205,73.777517,XX,0.0452826,0.0310844,0.0327147
15.447988,73.772061,XX,0.0422145,0.0272509,0.0327147
15.450344,73.781273,XX,0.0437485,0.0291677,0.0294698
15.446138,73.780878,XX,0.0468166,0.0310844,0.0262248
15.425206,73.771356,XX,0.0391465,0.0291677,0.0294698
15.447621,73.779332,XX,0.0437485,0.0310844,0.0327147
15.393753,73.77196,XX,0.0452826,0.0272509,0.0294698
15.40257,73.772747,XX,0.0468166,0.0310844,0.0262248
15.446382,73.775845,XX,0.0452826,0.0291677,0.0327147
15.444323,73.771383,XX,0.0437485,0.0291677,0.0262248
15.410033,73.773681,XX,0.0483506,0.0330012,0.0294698
15.407595,73.774115,XX,0.0468166,0.0310844,0.0262248
15.401609,73.770516,XX,0.0452826,0.0330012,0.0294698
15.413404,73.770447,XX,0.0468166,0.0291677,0.0327147
15.407982,73.770619,XX,0.0452826,0.0310844,0.0294698
15.409066,73.770473,XX,0.0452826,0.0291677,0.0229798
15.402281,73.769534,XX,0.0452826,0.0310844,0.0294698
15.403499,73.769108,XX,0.0452826,0.0310844,0.0294698
15.407567,73.769223,XX,0.0452826,0.0310844,0.0294698
15.408948,73.773688,XX,0.0468166,0.0291677,0.0294698
15.40567,73.769374,XX,0.0452826,0.0330012,0.0262248
15.404204,73.773995,XX,0.0452826,0.0330012,0.0327147
15.430072,73.74449,XX,0.0468166,0.0291677,0.0262248
15.43816,73.760237,XX,0.0406805,0.0253341,0.0262248
15.439228,73.757295,XX,0.0437485,0.0291677,0.0229798
15.425617,73.748011,XX,0.0437485,0.0291677,0.0262248
15.436549,73.763182,XX,0.0422145,0.0272509,0.0262248
15.441521,73.755045,XX,0.0391465,0.0272509,0.0294698
15.441546,73.759518,XX,0.0422145,0.0310844,0.0327147
15.439202,73.752682,XX,0.0437485,0.0291677,0.0262248
15.432437,73.755099,XX,0.0422145,0.0272509,0.0262248
15.43197,73.744478,XX,0.0468166,0.0310844,0.0229798
15.439394,73.762746,XX,0.0422145,0.0291677,0.0262248
15.423567,73.745088,XX,0.0452826,0.0310844,0.0294698
15.431043,73.748398,XX,0.0452826,0.0310844,0.0229798
15.434157,73.74768,XX,0.0452826,0.0310844,0.0262248
15.428439,73.743381,XX,0.0437485,0.0310844,0.0262248
15.428591,73.746316,XX,0.0452826,0.0291677,0.0294698
15.425871,73.744934,XX,0.0468166,0.0310844,0.0294698
15.43356,73.762081,XX,0.0406805,0.0253341,0.0262248
15.435952,73.7534,XX,0.0452826,0.0272509,0.0229798
15.427619,73.742268,XX,0.0452826,0.0291677,0.0229798
15.435293,73.756759,XX,0.0422145,0.0272509,0.0262248
15.405106,73.765464,XX,0.0468166,0.0310844,0.0294698
15.439024,73.769318,XX,0.0437485,0.0272509,0.0294698
15.42853,73.759595,XX,0.0422145,0.0291677,0.0262248
15.436719,73.769331,XX,0.0422145,0.0291677,0.0262248
15.397776,73.76397,XX,0.0437485,0.0253341,0.0294698
15.405614,73.759312,XX,0.0406805,0.0272509,0.0294698
15.409001,73.758872,XX,0.0391465,0.0272509,0.0262248
15.403592,73.76142,XX,0.0437485,0.0291677,0.0294698
15.399414,73.765917,XX,0.0437485,0.0310844,0.0229798
15.413066,73.758289,XX,0.0437485,0.0291677,0.0294698
15.400477,73.761998,XX,0.0422145,0.0272509,0.0294698
15.426366,73.760586,XX,0.0422145,0.0272509,0.0294698
15.43085,73.762377,XX,0.0406805,0.0272509,0.0294698
15.43531,73.759834,XX,0.0406805,0.0272509,0.0262248
15.398827,73.757815,XX,0.0406805,0.0272509,0.0262248
15.402257,73.765202,XX,0.0437485,0.0272509,0.0262248
15.425672,73.757655,XX,0.0422145,0.0253341,0.0262248
15.396733,73.771523,XX,0.0452826,0.0291677,0.0294698
15.397291,73.774315,XX,0.0437485,0.0291677,0.0294698
15.398753,73.768996,XX,0.0437485,0.0272509,0.0294698
15.434389,73.764732,XX,0.0422145,0.0291677,0.0262248
15.445878,73.73433,XX,0.0483506,0.0310844,0.0262248
15.426248,73.763802,XX,0.0422145,0.0272509,0.0262248
15.402983,73.773863,XX,0.0468166,0.0310844,0.0294698
15.424373,73.768006,XX,0.0406805,0.0253341,0.0262248
15.393293,73.762459,XX,0.0422145,0.0272509,0.0262248
15.399587,73.772625,XX,0.0452826,0.0291677,0.0294698
15.404322,73.77078,XX,0.0452826,0.0330012,0.0262248
15.427512,73.771622,XX,0.0422145,0.0272509,0.0294698
15.404448,73.768962,XX,0.0437485,0.0291677,0.0262248
15.400802,73.771779,XX,0.0437485,0.0310844,0.0262248
15.426038,73.774846,XX,0.0406805,0.0272509,0.0294698
15.393183,73.766932,XX,0.0437485,0.0272509,0.0262248
15.425446,73.765764,XX,0.0422145,0.0272509,0.0262248
15.439287,73.743595,XX,0.0452826,0.0291677,0.0262248
15.439258,73.738563,XX,0.0452826,0.0291677,0.0229798
15.44816,73.730402,XX,0.0498846,0.0330012,0.0229798
15.443685,73.754193,XX,0.0422145,0.0291677,0.0262248
15.399466,73.775281,XX,0.0468166,0.0310844,0.0262248
15.398511,73.774308,XX,0.0437485,0.0291677,0.0262248
15.393272,73.758546,XX,0.0437485,0.0272509,0.0262248
15.448201,73.737531,XX,0.0514186,0.0310844,0.0294698
15.44252,73.739942,XX,0.0468166,0.0291677,0.0294698
15.403398,73.750939,XX,0.0437485,0.0272509,0.0262248
15.401611,73.746617,XX,0.0452826,0.0272509,0.0229798
15.401021,73.738235,XX,0.0498846,0.0310844,0.0262248
15.403764,73.743809,XX,0.0452826,0.0291677,0.0229798
15.394741,73.730586,XX,0.0468166,0.034918,0.0262248
15.428012,73.739889,XX,0.0468166,0.0291677,0.0229798
15.403919,73.747162,XX,0.0437485,0.0291677,0.0262248
15.402119,73.740604,XX,0.0452826,0.0291677,0.0262248
15.399319,73.748867,XX,0.0437485,0.0272509,0.0262248
15.449542,73.758911,XX,0.0422145,0.0310844,0.0327147
15.40168,73.758916,XX,0.0422145,0.0272509,0.0262248
15.445356,73.737967,XX,0.0468166,0.0330012,0.0262248
15.404969,73.741007,XX,0.0468166,0.0291677,0.0229798
15.406203,73.743515,XX,0.0452826,0.0291677,0.0262248
15.401591,73.743123,XX,0.0452826,0.0291677,0.0229798
15.402327,73.753461,XX,0.0406805,0.0291677,0.0229798
15.399428,73.744254,XX,0.0422145,0.0272509,0.0262248
15.393638,73.751277,XX,0.0437485,0.0272509,0.0229798
15.415128,73.739268,XX,0.0468166,0.0291677,0.0229798
15.401628,73.749692,XX,0.0422145,0.0272509,0.0262248
15.400015,73.752077,XX,0.0437485,0.0234174,0.0262248
15.43699,73.745007,XX,0.0468166,0.0291677,0.0262248
15.40941,73.73511,XX,0.0468166,0.0310844,0.0262248
15.42946,73.732333,XX,0.0468166,0.0272509,0.0229798
15.435168,73.734534,XX,0.0468166,0.0310844,0.0262248
15.40776,73.731067,XX,0.0468166,0.0291677,0.0229798
15.423776,73.734184,XX,0.0468166,0.0310844,0.0262248
15.439654,73.736604,XX,0.0452826,0.0291677,0.0229798
15.44586,73.731254,XX,0.0483506,0.0330012,0.0294698
15.417685,73.735898,XX,0.0468166,0.0272509,0.0229798
15.424032,73.731387,XX,0.0468166,0.0291677,0.0197349
15.420515,73.732946,XX,0.0468166,0.0310844,0.0229798
15.41359,73.731171,XX,0.0468166,0.0291677,0.0197349
15.42107,73.735039,XX,0.0468166,0.0310844,0.0229798
15.43515,73.731459,XX,0.0483506,0.0291677,0.0229798
15.443704,73.733644,XX,0.0483506,0.0291677,0.0262248
15.425549,73.735851,XX,0.0452826,0.0291677,0.0262248
15.438672,73.730879,XX,0.0468166,0.0291677,0.0229798
15.438555,73.734234,XX,0.0468166,0.0291677,0.0197349
15.443044,73.736723,XX,0.0468166,0.0291677,0.0262248
15.418211,73.73296,XX,0.0452826,0.0310844,0.0229798
15.449262,73.73347,XX,0.0468166,0.0310844,0.0262248
15.455587,73.748949,XX,0.0437485,0.0291677,0.0294698
15.456076,73.73944,XX,0.0498846,0.0330012,0.0262248
15.457278,73.760403,XX,0.0452826,0.0291677,0.0294698
15.451147,73.754987,XX,0.0437485,0.0291677,0.0294698
15.45784,73.763894,XX,0.0422145,0.0291677,0.0327147
15.400446,73.756407,XX,0.0422145,0.0291677,0.0262248
15.461632,73.763033,XX,0.0422145,0.0291677,0.0294698
15.461449,73.754646,XX,0.0452826,0.0310844,0.0327147
15.463254,73.762185,XX,0.0437485,0.0291677,0.0327147
15.456639,73.743211,XX,0.0483506,0.0330012,0.0294698
15.439172,73.74737,XX,0.0468166,0.0272509,0.0262248
15.438647,73.750309,XX,0.0437485,0.0291677,0.0262248
15.462155,73.759535,XX,0.0437485,0.0272509,0.0294698
15.454298,73.736795,XX,0.0529527,0.0330012,0.0262248
15.452264,73.760712,XX,0.0422145,0.0291677,0.0294698
15.45566,73.76195,XX,0.0422145,0.0272509,0.0327147
15.457873,73.745581,XX,0.0483506,0.0330012,0.0294698
15.453937,73.744905,XX,0.0483506,0.0330012,0.0262248
15.455679,73.765305,XX,0.0422145,0.0310844,0.0294698
15.463213,73.754915,XX,0.0452826,0.0291677,0.0294698
15.459284,73.755358,XX,0.0437485,0.0310844,0.0327147
15.403972,73.756666,XX,0.0422145,0.0272509,0.0262248
15.462594,73.741218,XX,0.0514186,0.034918,0.0294698
15.456159,73.754258,XX,0.0437485,0.0310844,0.0294698
15.441726,73.767624,XX,0.0437485,0.0291677,0.0294698
15.440948,73.774059,XX,0.0422145,0.0272509,0.0327147
15.4626,73.742337,XX,0.0498846,0.034918,0.0294698
15.456821,73.751319,XX,0.0437485,0.0291677,0.0327147
15.462109,73.751427,XX,0.0437485,0.0291677,0.0294698
15.46261,73.744154,XX,0.0529527,0.034918,0.0294698
15.45987,73.763183,XX,0.0422145,0.0291677,0.0327147
15.45918,73.760951,XX,0.0406805,0.0291677,0.0294698
15.46214,73.756879,XX,0.0422145,0.0291677,0.0327147
15.454517,73.751612,XX,0.0422145,0.0291677,0.0327147
15.462089,73.747792,XX,0.0437485,0.0330012,0.0262248
15.460849,73.744304,XX,0.0483506,0.034918,0.0294698
15.451093,73.745482,XX,0.0468166,0.0291677,0.0229798
15.460389,73.758986,XX,0.0422145,0.0310844,0.0294698
15.442584,73.775587,XX,0.0422145,0.0291677,0.0262248
15.442438,73.773631,XX,0.0437485,0.0291677,0.0294698
15.440653,73.769588,XX,0.0422145,0.0272509,0.0327147
15.441756,73.772936,XX,0.0437485,0.0291677,0.0294698
15.459261,73.751304,XX,0.0437485,0.0330012,0.0327147
15.437829,73.773938,XX,0.0422145,0.0272509,0.0294698
15.434306,73.774238,XX,0.0422145,0.0272509,0.0262248
15.43592,73.771992,XX,0.0422145,0.0272509,0.0294698
15.435947,73.776744,XX,0.0422145,0.0310844,0.0294698
15.432783,73.768656,XX,0.0437485,0.0272509,0.0294698
15.437974,73.775614,XX,0.0437485,0.0272509,0.0262248
15.435137,73.777448,XX,0.0452826,0.0291677,0.0262248
15.436204,73.774227,XX,0.0437485,0.0291677,0.0294698
15.442454,73.776567,XX,0.0437485,0.0291677,0.0294698
15.435128,73.775771,XX,0.0422145,0.0272509,0.0262248
15.441623,73.773356,XX,0.0422145,0.0310844,0.0294698
15.440942,73.772801,XX,0.0422145,0.0272509,0.0294698
15.442169,73.774192,XX,0.0452826,0.0291677,0.0294698
15.431951,73.765306,XX,0.0422145,0.0291677,0.0262248
15.437649,73.765831,XX,0.0422145,0.0272509,0.0262248
15.435387,73.773533,XX,0.0437485,0.0272509,0.0294698
15.432645,73.768097,XX,0.0406805,0.0272509,0.0294698
15.441328,73.769164,XX,0.0406805,0.0272509,0.0262248
15.437302,73.776737,XX,0.0422145,0.0291677,0.0294698
15.434594,73.777312,XX,0.0437485,0.0291677,0.0294698
15.435953,73.777863,XX,0.0437485,0.0291677,0.0294698
15.422694,73.783112,XX,0.0391465,0.0272509,0.0294698
15.427459,73.786719,XX,0.0391465,0.0253341,0.0262248
15.424729,73.78338,XX,0.0391465,0.0272509,0.0294698
15.432042,73.78166,XX,0.0391465,0.0253341,0.0262248
15.429223,73.786848,XX,0.0406805,0.0272509,0.0294698
15.439338,73.777144,XX,0.0437485,0.0272509,0.0327147
15.426381,73.787843,XX,0.0376124,0.0272509,0.0294698
15.425829,73.786169,XX,0.0391465,0.0253341,0.0262248
15.437851,73.777852,XX,0.0422145,0.0310844,0.0294698
15.440689,73.776158,XX,0.0437485,0.0291677,0.0294698
15.44219,73.777826,XX,0.0437485,0.0272509,0.0294698
15.438788,73.775749,XX,0.0422145,0.0291677,0.0294698
15.427174,73.784064,XX,0.0406805,0.0272509,0.0262248
15.441909,73.77615,XX,0.0468166,0.0291677,0.0294698
15.423534,73.78786,XX,0.0376124,0.0253341,0.0327147
15.424463,73.78422,XX,0.0376124,0.0272509,0.0327147
15.42689,73.78169,XX,0.0391465,0.0272509,0.0294698
15.425805,73.781696,XX,0.0422145,0.0291677,0.0294698
15.42353,73.787161,XX,0.0376124,0.0253341,0.0294698
15.430984,73.786558,XX,0.0406805,0.0272509,0.0327147
15.425412,73.784214,XX,0.0406805,0.0272509,0.0294698
15.424333,73.785339,XX,0.0376124,0.0253341,0.0294698
15.448191,73.784222,XX,0.0452826,0.0310844,0.0327147
15.433707,73.788639,XX,0.0422145,0.0291677,0.0294698
15.412934,73.783588,XX,0.0452826,0.0310844,0.0294698
15.450677,73.817758,XX,0.0437485,0.0291677,0.0424496
15.448859,73.78254,XX,0.0437485,0.0310844,0.0327147
15.452448,73.819286,XX,0.0437485,0.0330012,0.0424496
15.447496,73.78115,XX,0.0468166,0.0291677,0.0294698
15.449259,73.78128,XX,0.0452826,0.0272509,0.0294698
15.423932,73.78632,XX,0.0391465,0.0253341,0.0294698
15.402763,73.783088,XX,0.0437485,0.0310844,0.0327147
15.422976,73.785067,XX,0.0376124,0.0272509,0.0294698
15.449263,73.832445,XX,0.0483506,0.0368347,0.0424496
15.425026,73.787991,XX,0.0376124,0.0253341,0.0294698
15.449274,73.783936,XX,0.0452826,0.0291677,0.0294698
15.399373,73.783108,XX,0.0422145,0.0291677,0.0327147
15.41444,73.786235,XX,0.0468166,0.0310844,0.0294698
15.414702,73.784556,XX,0.0452826,0.0310844,0.0294698
15.44957,73.788547,XX,0.0437485,0.0310844,0.0294698
15.413614,73.783864,XX,0.0437485,0.0291677,0.0327147
15.447376,73.784086,XX,0.0452826,0.0272509,0.0294698
15.426081,73.782673,XX,0.0422145,0.0272509,0.0294698
15.449929,73.830064,XX,0.0468166,0.0368347,0.0424496
15.41405,73.789172,XX,0.0452826,0.0310844,0.0327147
15.415939,73.787484,XX,0.0437485,0.0272509,0.0294698
15.450516,73.787982,XX,0.0452826,0.0291677,0.0294698
15.451443,73.783923,XX,0.0452826,0.0310844,0.0294698
15.453429,73.825431,XX,0.0437485,0.0406683,0.0586744
15.414589,73.78861,XX,0.0452826,0.0330012,0.0327147
15.451604,73.788535,XX,0.0437485,0.0291677,0.0262248
15.454709,73.811165,XX,0.0437485,0.034918,0.0489395
15.451124,73.800001,XX,0.0376124,0.0291677,0.0359597
15.452732,73.821801,XX,0.0452826,0.0368347,0.0456946
15.415122,73.78693,XX,0.0452826,0.0330012,0.0327147
15.450033,73.798889,XX,0.0391465,0.0291677,0.0359597
15.450777,73.786164,XX,0.0452826,0.0291677,0.0327147
15.450837,73.797207,XX,0.0422145,0.0310844,0.0359597
15.402102,73.786307,XX,0.0437485,0.0291677,0.0359597
15.401825,73.78519,XX,0.0437485,0.0330012,0.0359597
15.453826,73.823472,XX,0.0452826,0.0502521,0.0716543
15.413909,73.788195,XX,0.0452826,0.0310844,0.0327147
15.415951,73.789721,XX,0.0452826,0.0310844,0.0327147
15.453286,73.823894,XX,0.0452826,0.0368347,0.0489395
15.431462,73.824996,XX,0.0514186,0.0406683,0.0359597
15.446995,73.839447,XX,0.0452826,0.0368347,0.0424496
15.450554,73.794972,XX,0.0422145,0.0310844,0.0327147
15.451642,73.795525,XX,0.0422145,0.0310844,0.0327147
15.431161,73.819406,XX,0.0483506,0.0406683,0.0359597
15.451203,73.789656,XX,0.0406805,0.0272509,0.0294698
15.435672,73.82623,XX,0.0514186,0.0406683,0.0327147
15.451525,73.79902,XX,0.0391465,0.0272509,0.0327147
15.451654,73.797762,XX,0.0376124,0.0291677,0.0359597
15.433763,73.824284,XX,0.0514186,0.0406683,0.0359597
15.451768,73.793707,XX,0.0422145,0.0310844,0.0359597
15.45395,73.796071,XX,0.0376124,0.0272509,0.0327147
15.436609,73.823988,XX,0.0483506,0.0387515,0.0359597
15.449169,73.789668,XX,0.0422145,0.0310844,0.0294698
15.450812,73.792594,XX,0.0422145,0.0310844,0.0327147
15.425442,73.789805,XX,0.0422145,0.0291677,0.0294698
15.450153,73.796093,XX,0.0437485,0.0310844,0.0327147
15.4504,73.791478,XX,0.0437485,0.0291677,0.0327147
15.451209,73.790774,XX,0.0422145,0.0291677,0.0294698
15.436093,73.829024,XX,0.0514186,0.0406683,0.0359597
15.431991,73.822477,XX,0.0514186,0.0406683,0.0359597
15.428426,73.789928,XX,0.0406805,0.0253341,0.0294698
15.429983,73.82738,XX,0.0498846,0.0445018,0.0327147
15.43337,73.826942,XX,0.0529527,0.0406683,0.0359597
15.434483,73.832248,XX,0.0514186,0.0387515,0.0359597
15.429152,73.82417,XX,0.0514186,0.0406683,0.0359597
15.431613,73.82793,XX,0.0529527,0.0406683,0.0392047
15.428776,73.829903,XX,0.0498846,0.0406683,0.0359597
15.427197,73.838998,XX,0.0498846,0.042585,0.0392047
15.414444,73.837671,XX,0.0498846,0.0406683,0.0359597
15.427161,73.832149,XX,0.0529527,0.042585,0.0327147
15.42627,73.817617,XX,0.0514186,0.0368347,0.0327147
15.416075,73.838361,XX,0.0498846,0.042585,0.0392047
15.444148,73.839463,XX,0.0452826,0.0368347,0.0392047
15.426601,73.828797,XX,0.0529527,0.042585,0.0327147
15.443692,73.830099,XX,0.0498846,0.0406683,0.0392047
15.43055,73.83199,XX,0.0514186,0.0387515,0.0327147
15.445331,73.832467,XX,0.0498846,0.0387515,0.0392047
15.431761,73.830306,XX,0.0498846,0.042585,0.0359597
15.433927,73.829735,XX,0.0514186,0.042585,0.0359597
15.425558,73.836771,XX,0.0514186,0.0464186,0.0359597
15.43232,73.833378,XX,0.0514186,0.042585,0.0359597
15.427673,73.826415,XX,0.0514186,0.0406683,0.0359597
15.430567,73.835345,XX,0.0514186,0.0406683,0.0392047
15.432874,73.835751,XX,0.0514186,0.0387515,0.0359597
15.437903,73.83796,XX,0.0529527,0.0406683,0.0359597
15.436275,73.837829,XX,0.0514186,0.042585,0.0392047
15.440207,73.837807,XX,0.0514186,0.0406683,0.0392047
15.435042,73.83546,XX,0.0498846,0.042585,0.0359597
15.441975,73.838916,XX,0.0498846,0.0387515,0.0392047
15.431796,73.836876,XX,0.0529527,0.042585,0.0359597
15.428959,73.838988,XX,0.0514186,0.042585,0.0359597
15.432751,73.838128,XX,0.0529527,0.0406683,0.0392047
15.434111,73.83896,XX,0.0529527,0.0406683,0.0359597
15.441426,73.837661,XX,0.0483506,0.0406683,0.0359597
15.441692,73.836541,XX,0.0498846,0.0387515,0.0392047
15.439651,73.835294,XX,0.0514186,0.042585,0.0359597
15.437342,73.834468,XX,0.0498846,0.0387515,0.0392047
15.428403,73.836335,XX,0.0514186,0.042585,0.0359597
15.430034,73.837025,XX,0.0529527,0.042585,0.0359597
15.441819,73.834863,XX,0.0498846,0.0387515,0.0392047
15.441393,73.73254,XX,0.0468166,0.0291677,0.0229798
15.426855,73.751079,XX,0.0452826,0.0310844,0.0262248
15.444344,73.750834,XX,0.0437485,0.0291677,0.0294698
15.443006,73.730014,XX,0.0468166,0.0291677,0.0262248
